TF	Target_uniprot	TM_score	RMSD	Ratio_aaIdentical/aaAligned
AntR_DxtR|Q81M27	Q6AAH9	0.74475	1.91	0.237	
PtsJ|P40193	Q6A949	0.71277	3.24	0.205	
PtsJ|P40193	Q6A9D6	0.76235	4.05	0.193	
CmtR(Sc)|Q9RD34	Q6A5K5	0.69026	2.15	0.244	
CmtR(Sc)|Q9RD34	Q6A5P2	0.59532	2.83	0.290	
CmtR(Sc)|Q9RD34	Q6A7H0	0.63232	2.00	0.214	
CmtR(Sc)|Q9RD34	Q6A8D7	0.84258	1.89	0.266	
CmtR(Sc)|Q9RD34	Q6ABN1	0.56882	3.18	0.208	
YqjI|P64588	Q6A793	0.53297	2.47	0.204	
YqjI|P64588	Q6AA82	0.50529	3.33	0.134	
YqjI|P64588	Q6AB98	0.55066	3.58	0.196	
Pip|Q9ADN3	Q6A7V8	0.66367	2.50	0.232	
TcpP|Q93TT6	Q6A5Z4	0.58124	2.57	0.158	
TcpP|Q93TT6	Q6A657	0.59373	2.51	0.167	
TcpP|Q93TT6	Q6A828	0.59535	2.40	0.168	
TcpP|Q93TT6	Q6AAV2	0.61411	2.07	0.158	
TcpP|Q93TT6	Q6AAW7	0.59034	2.49	0.150	
TcpP|Q93TT6	Q6ABI8	0.63024	2.24	0.146	
YcjW|P77615	Q6A5C9	0.71928	2.59	0.185	
YcjW|P77615	Q6A5G1	0.86676	2.59	0.246	
YcjW|P77615	Q6A5R6	0.83956	2.55	0.216	
YcjW|P77615	Q6A645	0.76097	3.65	0.154	
YcjW|P77615	Q6A7G6	0.72322	3.73	0.159	
YcjW|P77615	Q6A7R0	0.8536	2.91	0.167	
YcjW|P77615	Q6AA58	0.85344	2.53	0.243	
YcjW|P77615	Q6AAK2	0.78697	3.29	0.182	
YcjW|P77615	Q6ABK7	0.85686	2.62	0.245	
YcjW|P77615	Q6ABQ1	0.82234	3.00	0.252	
CcpC|A0A063XF45	Q6A6A6	0.71676	4.25	0.173	
PqsR_MvfR|A0A0H2Z7A6	Q6A6A6	0.57383	5.32	0.143	
TM0110|R4NZK7	Q6A638	0.72822	3.72	0.204	
TM0110|R4NZK7	Q6A6D9	0.76432	3.63	0.174	
TM0110|R4NZK7	Q6AAR7	0.70034	3.77	0.175	
CiaR|Q8DU28	Q6A5Z4	0.51213	1.37	0.358	
CiaR|Q8DU28	Q6A657	0.54671	4.21	0.258	
CiaR|Q8DU28	Q6A828	0.51109	2.05	0.290	
CiaR|Q8DU28	Q6AAV2	0.58964	3.99	0.290	
CiaR|Q8DU28	Q6ABI8	0.53149	2.08	0.297	
MobR|Q05KM9	Q6A5K5	0.77856	2.68	0.178	
MobR|Q05KM9	Q6A5K8	0.58163	3.84	0.148	
MobR|Q05KM9	Q6A9D3	0.64254	3.34	0.203	
Cbl|Q47083	Q6A6A6	0.73562	3.64	0.197	
YkvE|O31672	Q6A5K8	0.71278	2.81	0.157	
YkvE|O31672	Q6A9D3	0.74543	2.85	0.170	
YkvE|O31672	Q6AA82	0.72787	2.87	0.199	
YkvE|O31672	Q6AAD5	0.85292	2.21	0.182	
AcrR|P0ACS9	Q6A5K1	0.63525	4.13	0.175	
AcrR|P0ACS9	Q6A626	0.60108	3.94	0.134	
AcrR|P0ACS9	Q6A7V8	0.57749	4.24	0.113	
AcrR|P0ACS9	Q6A8G1	0.62867	4.03	0.160	
AcrR|P0ACS9	Q6A8J3	0.56737	4.77	0.115	
AcrR|P0ACS9	Q6A8Y0	0.58632	4.56	0.117	
AcrR|P0ACS9	Q6A9I0	0.57168	4.55	0.124	
AcrR|P0ACS9	Q6AA25	0.62869	3.76	0.114	
AcrR|P0ACS9	Q6AAD4	0.67641	3.63	0.183	
AcrR|P0ACS9	Q6ABN5	0.72807	3.35	0.141	
GltR|P94501	Q6A6A6	0.86594	2.71	0.251	
RcnR|P64530	Q6A5L7	0.83086	1.31	0.226	
FixJ|P10958	Q6A671	0.61933	3.02	0.181	
FixJ|P10958	Q6A966	0.61844	2.71	0.177	
FixJ|P10958	Q6A987	0.59165	2.78	0.171	
FixJ|P10958	Q6AAP9	0.56559	2.50	0.198	
FixJ|P10958	Q6AB19	0.60257	3.42	0.243	
FixJ|P10958	Q6ABR9	0.62811	3.45	0.217	
clp|Q7WZ07	Q6AB82	0.76677	2.62	0.268	
RslR4|W8QDG7	Q6A5K5	0.74233	2.87	0.233	
RslR4|W8QDG7	Q6A5K8	0.60716	3.63	0.220	
RslR4|W8QDG7	Q6A795	0.75163	2.42	0.252	
RslR4|W8QDG7	Q6A9D3	0.62688	3.16	0.192	
RslR4|W8QDG7	Q6AA82	0.69926	2.27	0.194	
RslR4|W8QDG7	Q6AAD5	0.71659	3.03	0.241	
RslR4|W8QDG7	Q6AAH9	0.50336	3.54	0.131	
SCO4008|Q9ADP7	Q6A5K1	0.70519	3.42	0.118	
SCO4008|Q9ADP7	Q6A626	0.67464	3.79	0.126	
SCO4008|Q9ADP7	Q6A7V8	0.65691	3.66	0.141	
SCO4008|Q9ADP7	Q6A8G1	0.68105	3.65	0.171	
SCO4008|Q9ADP7	Q6A8J3	0.58017	4.64	0.163	
SCO4008|Q9ADP7	Q6A8Y0	0.61329	3.81	0.182	
SCO4008|Q9ADP7	Q6A9I0	0.55296	4.91	0.129	
SCO4008|Q9ADP7	Q6AA25	0.63471	3.94	0.098	
SCO4008|Q9ADP7	Q6AAD4	0.71642	3.45	0.169	
SCO4008|Q9ADP7	Q6ABN5	0.74813	3.24	0.192	
LfrR|A0R5K4	Q6A5K1	0.65579	4.06	0.124	
LfrR|A0R5K4	Q6A626	0.61089	3.90	0.184	
LfrR|A0R5K4	Q6A7V8	0.60439	4.01	0.092	
LfrR|A0R5K4	Q6A8G1	0.63392	3.88	0.116	
LfrR|A0R5K4	Q6A8J3	0.51187	4.55	0.097	
LfrR|A0R5K4	Q6A8Y0	0.60494	3.86	0.117	
LfrR|A0R5K4	Q6A9I0	0.56177	4.86	0.078	
LfrR|A0R5K4	Q6AA25	0.67677	3.54	0.135	
LfrR|A0R5K4	Q6AAD4	0.65892	3.83	0.104	
LfrR|A0R5K4	Q6ABN5	0.7561	2.89	0.149	
Nac|Q47005	Q6A6A6	0.75818	3.67	0.205	
BpsR|A0A0H3LTT0	Q6A5K5	0.70579	2.90	0.179	
BpsR|A0A0H3LTT0	Q6A5K8	0.58953	3.78	0.199	
BpsR|A0A0H3LTT0	Q6A795	0.7329	2.82	0.177	
BpsR|A0A0H3LTT0	Q6A9D3	0.62502	3.22	0.138	
BpsR|A0A0H3LTT0	Q6AA82	0.74811	2.06	0.176	
BpsR|A0A0H3LTT0	Q6AAD5	0.67627	3.01	0.230	
Cra|Q88PQ6	Q6A5C9	0.73504	2.43	0.169	
Cra|Q88PQ6	Q6A5G1	0.8191	3.17	0.212	
Cra|Q88PQ6	Q6A5R6	0.8227	2.81	0.191	
Cra|Q88PQ6	Q6A645	0.77835	3.52	0.169	
Cra|Q88PQ6	Q6A7G6	0.76144	3.81	0.198	
Cra|Q88PQ6	Q6A7R0	0.84246	3.00	0.183	
Cra|Q88PQ6	Q6AA58	0.84045	2.89	0.180	
Cra|Q88PQ6	Q6AAK2	0.79151	3.58	0.176	
Cra|Q88PQ6	Q6ABK7	0.85558	2.66	0.202	
Cra|Q88PQ6	Q6ABQ1	0.90356	1.96	0.246	
CrgA|A0A072ZKH7	Q6A6A6	0.74693	3.83	0.169	
FrrA|Q89M71	Q6A5K1	0.66555	4.04	0.127	
FrrA|Q89M71	Q6A626	0.62629	3.63	0.159	
FrrA|Q89M71	Q6A7V8	0.59998	4.21	0.134	
FrrA|Q89M71	Q6A8G1	0.6556	3.99	0.188	
FrrA|Q89M71	Q6A8J3	0.62175	4.36	0.153	
FrrA|Q89M71	Q6A8Y0	0.55666	4.39	0.134	
FrrA|Q89M71	Q6A9I0	0.60787	4.25	0.103	
FrrA|Q89M71	Q6AA25	0.64984	3.67	0.131	
FrrA|Q89M71	Q6AAD4	0.67799	3.84	0.207	
FrrA|Q89M71	Q6ABN5	0.70386	3.51	0.135	
PcaV|Q9XAM6	Q6A5K5	0.76362	2.91	0.164	
PcaV|Q9XAM6	Q6A5K8	0.59141	3.71	0.222	
PcaV|Q9XAM6	Q6A795	0.7698	2.17	0.175	
PcaV|Q9XAM6	Q6A9D3	0.69256	2.84	0.146	
PcaV|Q9XAM6	Q6AA82	0.77613	2.00	0.199	
PcaV|Q9XAM6	Q6AAD5	0.7121	3.12	0.189	
DesT|Q9HUS3	Q6A5K1	0.61898	4.20	0.144	
DesT|Q9HUS3	Q6A626	0.65205	3.62	0.165	
DesT|Q9HUS3	Q6A7V8	0.61479	3.99	0.133	
DesT|Q9HUS3	Q6A8G1	0.64934	3.70	0.160	
DesT|Q9HUS3	Q6A8J3	0.55522	4.51	0.096	
DesT|Q9HUS3	Q6A8Y0	0.59192	4.23	0.146	
DesT|Q9HUS3	Q6A9I0	0.56498	4.53	0.117	
DesT|Q9HUS3	Q6AA25	0.66326	3.58	0.163	
DesT|Q9HUS3	Q6AAD4	0.68316	3.62	0.189	
DesT|Q9HUS3	Q6ABN5	0.70797	3.49	0.145	
CcpE|A0A0H3KEX5	Q6A6A6	0.79669	3.25	0.160	
Nur|Q9K4F8	Q6A965	0.60712	3.58	0.254	
FasR|O05858	Q6AAD4	0.80194	2.72	0.292	
HcaR|Q7X0D9	Q6A5K5	0.69777	2.99	0.171	
HcaR|Q7X0D9	Q6A5K8	0.66438	2.85	0.172	
HcaR|Q7X0D9	Q6A795	0.68008	2.78	0.161	
HcaR|Q7X0D9	Q6A9D3	0.67766	2.93	0.146	
HcaR|Q7X0D9	Q6AA82	0.63783	3.05	0.159	
HcaR|Q7X0D9	Q6AAD5	0.67518	2.97	0.151	
Rv3249c|O05892	Q6A5K1	0.58069	4.20	0.145	
Rv3249c|O05892	Q6A626	0.55158	3.80	0.126	
Rv3249c|O05892	Q6A7V8	0.56725	4.12	0.160	
Rv3249c|O05892	Q6A8G1	0.63543	3.55	0.136	
Rv3249c|O05892	Q6A8J3	0.52687	4.83	0.132	
Rv3249c|O05892	Q6A8Y0	0.52446	4.50	0.153	
Rv3249c|O05892	Q6A9I0	0.53754	4.40	0.097	
Rv3249c|O05892	Q6AA25	0.50818	4.98	0.134	
Rv3249c|O05892	Q6AAD4	0.51024	4.70	0.106	
Rv3249c|O05892	Q6ABN5	0.53565	4.65	0.141	
MtPadR|I6X7F9	Q6A793	0.84567	1.98	0.304	
MtPadR|I6X7F9	Q6AA82	0.67898	2.98	0.191	
MtPadR|I6X7F9	Q6AB98	0.70331	2.52	0.250	
HypR_YybR|P37486	Q6AA82	0.59536	2.72	0.194	
AttJ_BlcR|E6Y2Q0	Q6A5P2	0.57565	2.11	0.231	
Bm3R1|P43506	Q6A5K1	0.65227	4.09	0.119	
Bm3R1|P43506	Q6A626	0.61303	3.77	0.093	
Bm3R1|P43506	Q6A7V8	0.61963	3.98	0.096	
Bm3R1|P43506	Q6A8G1	0.57289	4.68	0.071	
Bm3R1|P43506	Q6A8J3	0.52971	4.78	0.117	
Bm3R1|P43506	Q6A8Y0	0.54105	4.45	0.136	
Bm3R1|P43506	Q6A9I0	0.56466	4.73	0.138	
Bm3R1|P43506	Q6AA25	0.61815	3.98	0.176	
Bm3R1|P43506	Q6AAD4	0.77929	2.79	0.153	
Bm3R1|P43506	Q6ABN5	0.7079	3.42	0.163	
BetI|P17446	Q6A8G1	0.6612	4.16	0.144	
BetI|P17446	Q6ABN5	0.80925	2.82	0.136	
SarZ|A0A0H3KA72	Q6A5K5	0.75888	2.67	0.165	
SarZ|A0A0H3KA72	Q6A5K8	0.63534	3.37	0.130	
SarZ|A0A0H3KA72	Q6A795	0.76141	2.89	0.158	
SarZ|A0A0H3KA72	Q6A9D3	0.67492	3.35	0.161	
SarZ|A0A0H3KA72	Q6AA82	0.81046	1.80	0.287	
SarZ|A0A0H3KA72	Q6AAD5	0.74986	2.87	0.161	
LrpC|P96582	Q6A5I2	0.8444	2.21	0.163	
LrpC|P96582	Q6A8E6	0.83681	2.05	0.268	
GacA|Q51373	Q6A671	0.55785	1.85	0.405	
GacA|Q51373	Q6A966	0.54817	1.39	0.364	
GacA|Q51373	Q6A987	0.54102	2.19	0.387	
GacA|Q51373	Q6AAP9	0.78703	2.72	0.267	
GacA|Q51373	Q6AB19	0.54602	2.58	0.372	
GacA|Q51373	Q6ABR9	0.5434	1.60	0.361	
TodT|I7CA98	Q6A671	0.53051	1.83	0.239	
TodT|I7CA98	Q6A966	0.5235	1.96	0.205	
TodT|I7CA98	Q6A987	0.51609	2.03	0.181	
TodT|I7CA98	Q6AAP9	0.53439	2.05	0.210	
TodT|I7CA98	Q6AB19	0.52191	2.08	0.216	
TodT|I7CA98	Q6ABR9	0.52897	1.84	0.256	
Xre|P23789	Q6A5Q1	0.53609	3.16	0.289	
Xre|P23789	Q6ABC9	0.61498	2.57	0.200	
SdpR|O32242	Q6A5K5	0.63866	2.36	0.186	
SdpR|O32242	Q6A5P2	0.62549	2.46	0.162	
SdpR|O32242	Q6A7H0	0.61804	1.98	0.200	
SdpR|O32242	Q6A8D7	0.7543	2.07	0.263	
SdpR|O32242	Q6ABN1	0.63221	2.78	0.138	
PvrA|Q9HZP1	Q6A5K1	0.64112	3.84	0.109	
GerE|P11470	Q6A671	0.77723	1.92	0.338	
GerE|P11470	Q6A966	0.82073	1.08	0.274	
GerE|P11470	Q6A987	0.80385	1.46	0.359	
GerE|P11470	Q6AAP9	0.79355	1.55	0.415	
GerE|P11470	Q6AB19	0.78595	1.78	0.359	
GerE|P11470	Q6ABR9	0.76497	1.96	0.323	
CmtR|P9WMI9	Q6A5K5	0.68312	2.22	0.289	
CmtR|P9WMI9	Q6A5P2	0.61707	3.22	0.282	
CmtR|P9WMI9	Q6A7H0	0.65708	2.24	0.310	
CmtR|P9WMI9	Q6A8D7	0.79859	2.13	0.352	
CmtR|P9WMI9	Q6ABN1	0.62029	2.33	0.221	
Rv1816|P9WMC9	Q6A5K1	0.67803	3.00	0.177	
AztR|Q8ZS91	Q6A5K5	0.60256	2.15	0.179	
AztR|Q8ZS91	Q6A5P2	0.51752	3.24	0.154	
AztR|Q8ZS91	Q6A7H0	0.53263	1.89	0.229	
AztR|Q8ZS91	Q6A8D7	0.6993	2.17	0.232	
FarA|B5UAT4	Q6A5K1	0.61093	3.98	0.148	
FarA|B5UAT4	Q6A626	0.59568	3.49	0.130	
FarA|B5UAT4	Q6A7V8	0.56888	3.65	0.145	
FarA|B5UAT4	Q6A8G1	0.5627	4.19	0.186	
FarA|B5UAT4	Q6A8Y0	0.54701	4.17	0.137	
FarA|B5UAT4	Q6A9I0	0.5372	4.38	0.054	
FarA|B5UAT4	Q6AA25	0.59343	3.32	0.142	
FarA|B5UAT4	Q6AAD4	0.6308	3.50	0.189	
FarA|B5UAT4	Q6ABN5	0.69548	2.79	0.179	
RicR|O07434	Q6A5L7	0.89723	0.36	0.632	
PpPtxS|A0A167V873	Q6A5C9	0.71001	2.18	0.191	
PpPtxS|A0A167V873	Q6A5G1	0.82122	2.95	0.216	
PpPtxS|A0A167V873	Q6A5R6	0.84416	2.83	0.228	
PpPtxS|A0A167V873	Q6A645	0.77901	3.50	0.175	
PpPtxS|A0A167V873	Q6A7G6	0.75518	3.56	0.188	
PpPtxS|A0A167V873	Q6A7R0	0.81354	3.12	0.231	
PpPtxS|A0A167V873	Q6AA58	0.84833	2.69	0.237	
PpPtxS|A0A167V873	Q6AAK2	0.822	2.98	0.224	
PpPtxS|A0A167V873	Q6ABK7	0.86303	2.67	0.230	
PpPtxS|A0A167V873	Q6ABQ1	0.87457	2.16	0.282	
ActR|Q53901	Q6A7V8	0.65727	2.45	0.293	
EthR|P9WMC1	Q6A5K1	0.64993	3.70	0.101	
EthR|P9WMC1	Q6A626	0.60566	3.48	0.095	
EthR|P9WMC1	Q6A7V8	0.58484	3.81	0.094	
EthR|P9WMC1	Q6A8G1	0.61425	4.12	0.119	
EthR|P9WMC1	Q6A8J3	0.51895	5.05	0.105	
EthR|P9WMC1	Q6A8Y0	0.5927	3.16	0.117	
EthR|P9WMC1	Q6A9I0	0.54148	4.58	0.121	
EthR|P9WMC1	Q6AA25	0.61884	3.47	0.108	
EthR|P9WMC1	Q6AAD4	0.73031	3.59	0.180	
EthR|P9WMC1	Q6ABN5	0.74022	2.68	0.145	
VceR|A0A2K2UHF4	Q6A5K1	0.6321	4.36	0.109	
VceR|A0A2K2UHF4	Q6A626	0.59366	3.94	0.114	
VceR|A0A2K2UHF4	Q6A7V8	0.58936	4.41	0.126	
VceR|A0A2K2UHF4	Q6A8G1	0.58949	4.57	0.143	
VceR|A0A2K2UHF4	Q6A8J3	0.63343	4.20	0.155	
VceR|A0A2K2UHF4	Q6A8Y0	0.54301	4.55	0.128	
VceR|A0A2K2UHF4	Q6A9I0	0.6455	3.85	0.084	
VceR|A0A2K2UHF4	Q6AA25	0.59984	4.38	0.134	
VceR|A0A2K2UHF4	Q6AAD4	0.69422	3.63	0.144	
VceR|A0A2K2UHF4	Q6ABN5	0.69561	3.63	0.141	
ComA|P14204	Q6A671	0.54232	3.23	0.221	
ComA|P14204	Q6A966	0.52048	3.24	0.214	
ComA|P14204	Q6A987	0.51971	3.07	0.191	
ComA|P14204	Q6AAP9	0.61499	3.47	0.173	
ComA|P14204	Q6AB19	0.5354	2.93	0.233	
ComA|P14204	Q6ABR9	0.53136	3.32	0.184	
Vfr|P55222	Q6AB82	0.85677	2.10	0.229	
MurR|P77245	Q6A765	0.61588	2.58	0.122	
MurR|P77245	Q6A8M8	0.75923	2.75	0.297	
PyeR|Q9HW47	Q6A5K5	0.60724	2.66	0.192	
PyeR|Q9HW47	Q6A5P2	0.58999	2.54	0.167	
PyeR|Q9HW47	Q6A7H0	0.5628	2.09	0.242	
PyeR|Q9HW47	Q6A8D7	0.677	2.45	0.316	
PyeR|Q9HW47	Q6ABN1	0.5797	3.37	0.154	
DmeR|Q7D0F6	Q6A5L7	0.84678	1.29	0.286	
LicT|P39805	Q6AB16	0.59851	4.24	0.235	
KynR|Q9I233	Q6A5I2	0.77514	2.35	0.238	
KynR|Q9I233	Q6A8E6	0.80591	1.84	0.306	
XanR|Q8XXL9	Q6A6A6	0.55543	3.83	0.133	
QdoR|A0A1K1WA76	Q6A5K1	0.69568	3.60	0.120	
QdoR|A0A1K1WA76	Q6A626	0.67699	3.09	0.105	
QdoR|A0A1K1WA76	Q6A7V8	0.65759	3.68	0.095	
QdoR|A0A1K1WA76	Q6A8G1	0.68816	3.72	0.106	
QdoR|A0A1K1WA76	Q6A8J3	0.60866	4.24	0.132	
QdoR|A0A1K1WA76	Q6A8Y0	0.64264	3.62	0.136	
QdoR|A0A1K1WA76	Q6A9I0	0.59478	4.46	0.084	
QdoR|A0A1K1WA76	Q6AA25	0.70863	3.34	0.184	
QdoR|A0A1K1WA76	Q6AAD4	0.67705	3.61	0.136	
QdoR|A0A1K1WA76	Q6ABN5	0.78069	2.85	0.111	
YycF|P37478	Q6A5Z4	0.88452	2.22	0.385	
YycF|P37478	Q6A828	0.91185	1.83	0.430	
YycF|P37478	Q6ABI8	0.53869	3.25	0.374	
PadR|E0TW95	Q6AB98	0.64325	3.82	0.187	
SugR|Q8NP84	Q6A721	0.62015	3.21	0.146	
SugR|Q8NP84	Q6A8E1	0.63099	3.61	0.142	
SugR|Q8NP84	Q6A8F4	0.77651	3.02	0.100	
SugR|Q8NP84	Q6A9C7	0.75188	3.42	0.117	
SugR|Q8NP84	Q6AAK8	0.79266	3.09	0.163	
SugR|Q8NP84	Q6AAU2	0.79383	3.45	0.141	
SugR|Q8NP84	Q6ABG5	0.89821	2.51	0.291	
SugR|Q8NP84	Q6ABP7	0.73771	3.49	0.133	
SugR|Q8NP84	Q6ABQ9	0.62861	3.51	0.115	
SugR|Q8NP84	Q6ABU6	0.75518	2.99	0.136	
PP_3287|Q88HR6	Q6AB82	0.87587	1.56	0.178	
FL11|O59188	Q6A5I2	0.84086	2.33	0.174	
FL11|O59188	Q6A8E6	0.87629	1.67	0.240	
SaLrp|F2Z5Y7	Q6A5I2	0.82465	2.56	0.146	
SaLrp|F2Z5Y7	Q6A8E6	0.85926	1.94	0.201	
TtgT|I7C131	Q6A5P2	0.59502	2.29	0.176	
TtgT|I7C131	Q6A7Z8	0.56319	2.46	0.180	
RhpR|Q883X4	Q6A5Z4	0.70679	3.72	0.322	
RhpR|Q883X4	Q6A671	0.52217	3.30	0.245	
RhpR|Q883X4	Q6A828	0.70442	3.90	0.312	
RhpR|Q883X4	Q6A966	0.55107	2.94	0.214	
RhpR|Q883X4	Q6A987	0.5173	3.56	0.239	
RhpR|Q883X4	Q6A9U5	0.50138	1.65	0.210	
RhpR|Q883X4	Q6AAV2	0.51292	1.18	0.393	
RhpR|Q883X4	Q6AB19	0.51084	3.31	0.194	
RhpR|Q883X4	Q6ABI8	0.56786	2.98	0.291	
RhpR|Q883X4	Q6ABR9	0.54153	3.16	0.196	
PtxR|P72131	Q6A6A6	0.55779	4.28	0.147	
SLCG_Lrp|A0A1B1MBP2	Q6A5I2	0.84396	1.90	0.181	
SLCG_Lrp|A0A1B1MBP2	Q6A8E6	0.8562	1.76	0.273	
ArgP|P0A8S1	Q6A6A6	0.69829	4.37	0.137	
HmgR|Q88E46	Q6A5P2	0.53957	2.64	0.207	
HmgR|Q88E46	Q6A7Z8	0.53062	2.16	0.206	
SaFapR|A0A0D6GQW4	Q6A9N7	0.56447	2.85	0.087	
HrtR|Q9CHR1	Q6A5K1	0.59147	4.21	0.096	
HrtR|Q9CHR1	Q6A626	0.611	3.68	0.109	
HrtR|Q9CHR1	Q6A7V8	0.64846	3.97	0.095	
HrtR|Q9CHR1	Q6A8G1	0.58855	4.22	0.123	
HrtR|Q9CHR1	Q6A8J3	0.51648	5.21	0.062	
HrtR|Q9CHR1	Q6A8Y0	0.54941	4.44	0.104	
HrtR|Q9CHR1	Q6A9I0	0.56451	4.69	0.112	
HrtR|Q9CHR1	Q6AA25	0.58863	4.34	0.107	
HrtR|Q9CHR1	Q6AAD4	0.62175	3.83	0.109	
HrtR|Q9CHR1	Q6ABN5	0.62633	4.00	0.091	
Grp|F9VNT4	Q6A5I2	0.81192	2.20	0.167	
Grp|F9VNT4	Q6A8E6	0.86488	1.58	0.196	
DnaA|P03004	Q6ABL5	0.56138	3.89	0.420	
ChvI|P50350	Q6A5Z4	0.67971	4.10	0.290	
ChvI|P50350	Q6A828	0.72482	3.38	0.233	
ChvI|P50350	Q6ABI8	0.53362	3.22	0.277	
NagR_YvoA|O34817	Q6A9Y4	0.63654	2.27	0.294	
NagR_YvoA|O34817	Q6AAK9	0.63783	1.92	0.234	
CinR|P94314	Q6A5K5	0.78562	2.53	0.181	
CinR|P94314	Q6A5K8	0.6962	3.15	0.172	
CinR|P94314	Q6A795	0.80781	2.33	0.161	
CinR|P94314	Q6A9D3	0.74391	2.85	0.110	
CinR|P94314	Q6AA82	0.74741	2.58	0.216	
CinR|P94314	Q6AAD5	0.79081	2.60	0.171	
CinR|P94314	Q6AAR7	0.507	4.10	0.122	
SigW|Q45585	Q6A8A1	0.79337	2.61	0.322	
SigW|Q45585	Q6AAS2	0.911	1.65	0.275	
CsoRSl|D6EK73	Q6A5L7	0.97855	0.46	0.622	
LgnR|K7ZN65	Q6A5P2	0.80658	2.88	0.262	
LgnR|K7ZN65	Q6A7Z8	0.70707	3.48	0.221	
HpaR1|Q8PAI3	Q6A5D3	0.54817	3.65	0.124	
HpaR1|Q8PAI3	Q6A949	0.63418	3.06	0.247	
HpaR1|Q8PAI3	Q6A9D6	0.67454	3.44	0.174	
HpaR1|Q8PAI3	Q6A9R9	0.61104	3.24	0.196	
HpaR1|Q8PAI3	Q6A9S0	0.63084	3.77	0.133	
HpaR1|Q8PAI3	Q6A9Y4	0.54406	2.63	0.224	
HpaR1|Q8PAI3	Q6AAK9	0.59961	2.65	0.279	
HpaR1|Q8PAI3	Q6ABE4	0.52461	1.88	0.186	
YodB|O34844	Q6AA82	0.67686	2.27	0.189	
SAR2349|Q6GEG9	Q6A5K5	0.79393	2.40	0.118	
SAR2349|Q6GEG9	Q6A5K8	0.76536	2.49	0.137	
SAR2349|Q6GEG9	Q6A795	0.78633	2.14	0.123	
SAR2349|Q6GEG9	Q6A9D3	0.79021	2.44	0.137	
SAR2349|Q6GEG9	Q6AA82	0.7362	2.50	0.201	
SAR2349|Q6GEG9	Q6AAD5	0.80092	2.39	0.086	
SAR2349|Q6GEG9	Q6AAR7	0.50941	4.29	0.119	
CggR|A0A6M3ZGQ5	Q6A5F1	0.67624	3.66	0.171	
CggR|A0A6M3ZGQ5	Q6A8F0	0.68193	3.35	0.159	
CggR|A0A6M3ZGQ5	Q6A9D2	0.68038	2.32	0.227	
HlyX|P23619	Q6AB82	0.83961	1.93	0.159	
PA2206|Q9I1R1	Q6A6A6	0.73599	3.85	0.231	
MvfR|V6AIV4	Q6A6A6	0.58028	4.08	0.101	
AbsC|Q9L2B5	Q6A5K5	0.88538	1.40	0.367	
AbsC|Q9L2B5	Q6A5K8	0.63906	3.19	0.169	
AbsC|Q9L2B5	Q6A795	0.88462	1.02	0.377	
AbsC|Q9L2B5	Q6A9D3	0.69006	2.93	0.171	
AbsC|Q9L2B5	Q6AA82	0.74156	2.31	0.204	
AbsC|Q9L2B5	Q6AAD5	0.78021	2.36	0.192	
ST1710|Q96ZY1	Q6A5K8	0.70376	3.00	0.180	
ST1710|Q96ZY1	Q6A9D3	0.70868	2.86	0.149	
ST1710|Q96ZY1	Q6AA82	0.74432	2.27	0.152	
ST1710|Q96ZY1	Q6AAD5	0.78898	2.60	0.194	
Rv1474c|O53165	Q6A5K1	0.66234	3.76	0.177	
Rv1474c|O53165	Q6A626	0.65489	3.72	0.121	
Rv1474c|O53165	Q6A7V8	0.63244	3.59	0.157	
Rv1474c|O53165	Q6A8G1	0.68239	3.73	0.159	
Rv1474c|O53165	Q6A8J3	0.55057	4.99	0.155	
Rv1474c|O53165	Q6A8Y0	0.66613	3.52	0.158	
Rv1474c|O53165	Q6A9I0	0.55119	4.59	0.099	
Rv1474c|O53165	Q6AA25	0.65449	3.29	0.136	
Rv1474c|O53165	Q6AAD4	0.65864	3.64	0.167	
Rv1474c|O53165	Q6ABN5	0.79895	2.53	0.168	
PenR|E3VWJ7	Q6A5K8	0.71035	2.76	0.216	
PenR|E3VWJ7	Q6A9D3	0.67352	3.03	0.180	
PenR|E3VWJ7	Q6AA82	0.506	4.28	0.163	
PenR|E3VWJ7	Q6AAD5	0.60601	3.63	0.260	
ZiaR|Q55940	Q6A5K5	0.5857	2.29	0.173	
ZiaR|Q55940	Q6A5P2	0.5106	3.10	0.173	
ZiaR|Q55940	Q6A7H0	0.54026	1.75	0.286	
ZiaR|Q55940	Q6A8D7	0.7172	2.40	0.287	
PbrR|Q58AJ5	Q6A8T4	0.54616	3.22	0.281	
DesR|G2IQU0	Q6A5K8	0.69733	3.05	0.223	
DesR|G2IQU0	Q6A8D7	0.50162	2.24	0.160	
DesR|G2IQU0	Q6A9D3	0.75526	2.42	0.130	
DesR|G2IQU0	Q6AA82	0.83236	1.97	0.233	
DesR|G2IQU0	Q6AAD5	0.83419	2.25	0.196	
EcFrmR|P0AAP3	Q6A5L7	0.6657	2.35	0.300	
LysG|P94632	Q6A6A6	0.69544	4.45	0.116	
CusR|P0ACZ8	Q6A5Z4	0.52695	2.60	0.408	
CusR|P0ACZ8	Q6A657	0.62663	4.20	0.211	
CusR|P0ACZ8	Q6A828	0.52354	2.24	0.344	
CusR|P0ACZ8	Q6AAV2	0.68225	4.39	0.311	
CusR|P0ACZ8	Q6ABI8	0.53474	4.46	0.235	
GlxR|Q79VI7	Q6AB82	0.93346	1.66	0.420	
OpaR|Q79YV4	Q6A5K1	0.64022	3.97	0.124	
OpaR|Q79YV4	Q6A626	0.61733	3.67	0.047	
OpaR|Q79YV4	Q6A7V8	0.63695	3.75	0.063	
OpaR|Q79YV4	Q6A8G1	0.59219	4.31	0.128	
OpaR|Q79YV4	Q6A8J3	0.50998	4.88	0.081	
OpaR|Q79YV4	Q6A8Y0	0.53784	4.56	0.078	
OpaR|Q79YV4	Q6A9I0	0.55036	4.87	0.075	
OpaR|Q79YV4	Q6AA25	0.63277	3.78	0.142	
OpaR|Q79YV4	Q6AAD4	0.71561	3.19	0.135	
OpaR|Q79YV4	Q6ABN5	0.71352	3.34	0.142	
FatR|O08335	Q6A5K1	0.61097	4.26	0.070	
FatR|O08335	Q6A626	0.592	4.16	0.067	
FatR|O08335	Q6A7V8	0.59398	4.32	0.119	
FatR|O08335	Q6A8G1	0.54644	4.72	0.093	
FatR|O08335	Q6A8Y0	0.55298	4.24	0.072	
FatR|O08335	Q6A9I0	0.55414	4.82	0.118	
FatR|O08335	Q6AA25	0.58573	4.35	0.106	
FatR|O08335	Q6AAD4	0.72443	3.39	0.133	
FatR|O08335	Q6ABN5	0.66629	4.14	0.124	
ArpA|Q9ZN78	Q6A5K1	0.60545	3.76	0.140	
ArpA|Q9ZN78	Q6A626	0.60869	3.32	0.130	
ArpA|Q9ZN78	Q6A7V8	0.5675	3.70	0.137	
ArpA|Q9ZN78	Q6A8G1	0.56772	4.17	0.153	
ArpA|Q9ZN78	Q6A8J3	0.50765	4.85	0.106	
ArpA|Q9ZN78	Q6A8Y0	0.54253	3.95	0.090	
ArpA|Q9ZN78	Q6A9I0	0.52747	4.55	0.099	
ArpA|Q9ZN78	Q6AA25	0.58452	3.44	0.131	
ArpA|Q9ZN78	Q6AAD4	0.61922	3.34	0.141	
ArpA|Q9ZN78	Q6ABN5	0.6967	2.59	0.192	
DasR|Q9K492	Q6A9Y4	0.61588	1.94	0.317	
DasR|Q9K492	Q6AAK9	0.60153	2.51	0.286	
AgrA|P0A0I7	Q6ABI8	0.52707	3.92	0.152	
PS5454|Q19AK4	Q6A9R9	0.5304	4.72	0.156	
PS5454|Q19AK4	Q6A9S0	0.6096	4.30	0.141	
PS5454|Q19AK4	Q6ABE4	0.52032	3.00	0.149	
Rv0302|O07229	Q6A8G1	0.70547	3.33	0.102	
Rv0302|O07229	Q6ABN5	0.67782	3.60	0.142	
AceR|P0DUU5	Q6A6A6	0.73924	4.03	0.153	
RcsB|A0A0H2ZHG6	Q6A671	0.50579	2.28	0.291	
RcsB|A0A0H2ZHG6	Q6AAP9	0.64584	3.91	0.223	
CjFur|P0C631	Q6A965	0.65983	2.80	0.276	
CytR|P0ACN7	Q6A5C9	0.72741	2.26	0.236	
CytR|P0ACN7	Q6A5G1	0.80719	3.19	0.226	
CytR|P0ACN7	Q6A5R6	0.8206	3.16	0.282	
CytR|P0ACN7	Q6A645	0.80255	3.00	0.228	
CytR|P0ACN7	Q6A7G6	0.75296	2.78	0.284	
CytR|P0ACN7	Q6A7R0	0.84899	3.01	0.264	
CytR|P0ACN7	Q6AA58	0.81813	3.19	0.241	
CytR|P0ACN7	Q6AAK2	0.74587	3.85	0.214	
CytR|P0ACN7	Q6ABK7	0.82493	3.28	0.263	
CytR|P0ACN7	Q6ABQ1	0.87546	2.51	0.311	
SinR|P06533	Q6A5Q1	0.60977	2.95	0.259	
SinR|P06533	Q6A8E0	0.55065	3.23	0.188	
SinR|P06533	Q6A905	0.54361	2.21	0.243	
SinR|P06533	Q6ABC9	0.52203	2.40	0.261	
NahR|P10183	Q6A6A6	0.60714	5.33	0.088	
RipR|H9L457	Q6A6A6	0.60716	2.86	0.194	
HucR|Q9RV71	Q6A5K5	0.69901	2.02	0.250	
HucR|Q9RV71	Q6A5K8	0.5432	3.34	0.197	
HucR|Q9RV71	Q6A795	0.70392	2.17	0.188	
HucR|Q9RV71	Q6A9D3	0.57953	3.07	0.194	
HucR|Q9RV71	Q6AA82	0.64911	2.23	0.193	
HucR|Q9RV71	Q6AAD5	0.74898	2.78	0.263	
RaaR|Q8XRE2	Q6A6A6	0.52858	5.81	0.121	
RghR|O32236	Q6ABC9	0.54719	3.68	0.196	
SiaR|P44540	Q6A765	0.66855	3.45	0.148	
SiaR|P44540	Q6A8M8	0.64959	1.93	0.327	
CatM|P07774	Q6A6A6	0.67689	3.90	0.143	
MalI|P18811	Q6A5C9	0.67651	2.77	0.193	
MalI|P18811	Q6A5G1	0.80483	3.05	0.250	
MalI|P18811	Q6A5R6	0.77625	3.22	0.201	
MalI|P18811	Q6A645	0.71238	3.56	0.197	
MalI|P18811	Q6A7G6	0.7141	4.22	0.157	
MalI|P18811	Q6A7R0	0.72802	3.74	0.192	
MalI|P18811	Q6AA58	0.78921	3.14	0.174	
MalI|P18811	Q6AAK2	0.75058	3.54	0.190	
MalI|P18811	Q6ABK7	0.80506	2.97	0.234	
MalI|P18811	Q6ABQ1	0.7351	3.78	0.203	
NpdR|Q9AH06	Q6A5P2	0.50323	2.71	0.158	
NpdR|Q9AH06	Q6A7Z8	0.51683	2.62	0.203	
TstR|Q03S27	Q6A5K5	0.77579	2.17	0.192	
TstR|Q03S27	Q6A5K8	0.59611	3.07	0.126	
TstR|Q03S27	Q6A795	0.7358	2.26	0.152	
TstR|Q03S27	Q6A9D3	0.63577	2.96	0.234	
TstR|Q03S27	Q6AA82	0.64479	2.88	0.181	
TstR|Q03S27	Q6AAD5	0.78052	2.45	0.168	
AtzR|Q936X4	Q6A6A6	0.71268	3.95	0.177	
NatR|P70955	Q6A5Z4	0.55667	3.42	0.204	
NatR|P70955	Q6A671	0.51069	3.01	0.180	
NatR|P70955	Q6A828	0.55681	3.18	0.168	
NatR|P70955	Q6A966	0.51916	2.92	0.200	
NatR|P70955	Q6A9N8	0.50655	3.34	0.190	
NatR|P70955	Q6AB19	0.50234	3.15	0.203	
NatR|P70955	Q6ABI8	0.53314	3.78	0.170	
NatR|P70955	Q6ABR9	0.50493	2.92	0.213	
PntR|E3VWI1	Q6A5K5	0.50483	4.49	0.146	
PntR|E3VWI1	Q6A5K8	0.66067	3.03	0.226	
PntR|E3VWI1	Q6A9D3	0.62837	3.35	0.169	
PntR|E3VWI1	Q6AA82	0.50601	2.77	0.185	
PntR|E3VWI1	Q6AAD5	0.57135	4.01	0.214	
PntR|E3VWI1	Q6AAH9	0.50896	3.40	0.225	
PaaR|Q5SJN5	Q6A5K1	0.63592	4.03	0.164	
PaaR|Q5SJN5	Q6A626	0.57783	3.79	0.117	
PaaR|Q5SJN5	Q6A7V8	0.59697	3.85	0.067	
PaaR|Q5SJN5	Q6A8G1	0.56445	4.32	0.124	
PaaR|Q5SJN5	Q6A8J3	0.50166	5.25	0.137	
PaaR|Q5SJN5	Q6A8Y0	0.54565	4.15	0.114	
PaaR|Q5SJN5	Q6A9I0	0.5385	4.52	0.097	
PaaR|Q5SJN5	Q6AA25	0.6007	3.73	0.138	
PaaR|Q5SJN5	Q6AAD4	0.72842	3.03	0.161	
PaaR|Q5SJN5	Q6ABN5	0.73272	3.00	0.120	
NrrA|K7WA79	Q6A5Z4	0.51828	2.27	0.362	
NrrA|K7WA79	Q6A657	0.50072	2.06	0.298	
NrrA|K7WA79	Q6A828	0.52908	2.24	0.313	
NrrA|K7WA79	Q6AAV2	0.5241	5.04	0.238	
NrrA|K7WA79	Q6ABI8	0.58873	3.14	0.297	
ScbR|O86852	Q6A5K1	0.60913	3.81	0.130	
ScbR|O86852	Q6A626	0.61	3.48	0.161	
ScbR|O86852	Q6A7V8	0.57581	3.89	0.173	
ScbR|O86852	Q6A8G1	0.58801	3.93	0.201	
ScbR|O86852	Q6A8J3	0.53437	4.62	0.135	
ScbR|O86852	Q6A8Y0	0.55571	4.28	0.114	
ScbR|O86852	Q6A9I0	0.56819	4.12	0.088	
ScbR|O86852	Q6AA25	0.60204	3.63	0.129	
ScbR|O86852	Q6AAD4	0.63163	3.66	0.156	
ScbR|O86852	Q6ABN5	0.69987	2.90	0.196	
Rv3291c|P96896	Q6A5I2	0.8638	1.91	0.185	
Rv3291c|P96896	Q6A8E6	0.91305	1.56	0.381	
SO2426|Q8EEF6	Q6A5Z4	0.56107	2.82	0.361	
SO2426|Q8EEF6	Q6A828	0.54254	3.09	0.291	
SO2426|Q8EEF6	Q6AAV2	0.52583	2.55	0.369	
SO2426|Q8EEF6	Q6ABI8	0.53655	2.41	0.364	
BarR|Q4J717	Q6A5I2	0.8107	2.22	0.166	
BarR|Q4J717	Q6A8E6	0.86398	1.62	0.215	
PcpR|P52679	Q6A6A6	0.55493	3.88	0.125	
YiaJ_PlaR|P37671	Q6A5P2	0.57258	2.22	0.199	
YiaJ_PlaR|P37671	Q6A7Z8	0.52631	2.57	0.215	
LtmA|A0R6A5	Q6A5K1	0.66157	3.62	0.140	
LtmA|A0R6A5	Q6A626	0.63977	3.35	0.100	
LtmA|A0R6A5	Q6A7V8	0.68359	3.29	0.166	
LtmA|A0R6A5	Q6A8G1	0.66286	3.63	0.194	
LtmA|A0R6A5	Q6A8J3	0.54827	3.96	0.097	
LtmA|A0R6A5	Q6A8Y0	0.68942	3.49	0.152	
LtmA|A0R6A5	Q6A9I0	0.61666	4.03	0.101	
LtmA|A0R6A5	Q6AA25	0.64701	3.94	0.105	
LtmA|A0R6A5	Q6AAD4	0.61237	4.09	0.132	
LtmA|A0R6A5	Q6ABN5	0.71031	3.19	0.176	
ArgR_ArcR|Q8GND0	Q6A7V9	0.54246	3.37	0.250	
GtCsoR|A4INJ9	Q6A5L7	0.87108	0.82	0.452	
PP_3233|Q88HX0	Q6AB82	0.8359	1.96	0.158	
PcaU|O83046	Q6A5P2	0.79658	2.40	0.214	
PcaU|O83046	Q6A7Z8	0.63509	3.88	0.217	
NmtR|O69711	Q6A5K5	0.65635	2.37	0.233	
NmtR|O69711	Q6A5P2	0.59606	3.61	0.202	
NmtR|O69711	Q6A7H0	0.58204	1.63	0.304	
NmtR|O69711	Q6A8D7	0.76956	1.57	0.298	
NmtR|O69711	Q6ABN1	0.54468	3.14	0.219	
GigC|V5VGC8	Q6A6A6	0.79716	3.34	0.189	
Arth_3918|A0K1X3	Q6A5C9	0.69945	2.70	0.245	
Arth_3918|A0K1X3	Q6A5G1	0.71989	3.96	0.241	
Arth_3918|A0K1X3	Q6A5R6	0.74425	3.81	0.233	
Arth_3918|A0K1X3	Q6A645	0.77946	3.18	0.230	
Arth_3918|A0K1X3	Q6A7G6	0.70296	2.57	0.246	
Arth_3918|A0K1X3	Q6A7R0	0.75536	3.85	0.246	
Arth_3918|A0K1X3	Q6AA58	0.73845	3.94	0.207	
Arth_3918|A0K1X3	Q6AAK2	0.71582	3.56	0.215	
Arth_3918|A0K1X3	Q6ABK7	0.76295	3.58	0.226	
Arth_3918|A0K1X3	Q6ABQ1	0.7854	3.41	0.267	
CifR|Q9HZR6	Q6A8G1	0.63161	4.04	0.157	
CifR|Q9HZR6	Q6ABN5	0.70302	3.61	0.134	
FtFur|Q5NIN6	Q6A965	0.72984	2.50	0.231	
Hpr|P11065	Q6A5K5	0.57897	2.76	0.150	
Hpr|P11065	Q6A5K8	0.54558	3.56	0.115	
Hpr|P11065	Q6A795	0.60307	2.45	0.171	
Hpr|P11065	Q6A9D3	0.52684	3.18	0.112	
Hpr|P11065	Q6AA82	0.56803	2.39	0.120	
Hpr|P11065	Q6AAD5	0.55835	3.28	0.148	
PutR|Q44333	Q6A5I2	0.78503	2.70	0.170	
PutR|Q44333	Q6A8E6	0.86665	1.70	0.327	
NrtR_NdnR|A0A1R4EMY8	Q6A5Z1	0.5134	3.18	0.125	
NrtR_NdnR|A0A1R4EMY8	Q6A6V3	0.51979	2.82	0.098	
NrtR_NdnR|A0A1R4EMY8	Q6A7X5	0.53069	3.02	0.209	
NrtR_NdnR|A0A1R4EMY8	Q6A8Q8	0.51714	2.88	0.128	
NrtR_NdnR|A0A1R4EMY8	Q6AAB3	0.52012	2.69	0.183	
NrtR_NdnR|A0A1R4EMY8	Q6AAW9	0.52609	3.71	0.196	
NrtR_NdnR|A0A1R4EMY8	Q6AB79	0.50037	2.91	0.140	
NrtR_NdnR|A0A1R4EMY8	Q6ABF5	0.54067	3.09	0.184	
SaFadR|Q4J9S1	Q6A5K1	0.70777	3.53	0.110	
SaFadR|Q4J9S1	Q6A626	0.65296	3.19	0.114	
SaFadR|Q4J9S1	Q6A7V8	0.63637	4.00	0.091	
SaFadR|Q4J9S1	Q6A8G1	0.67029	3.61	0.189	
SaFadR|Q4J9S1	Q6A8J3	0.60418	4.13	0.087	
SaFadR|Q4J9S1	Q6A8Y0	0.59226	4.24	0.130	
SaFadR|Q4J9S1	Q6A9I0	0.60817	4.28	0.103	
SaFadR|Q4J9S1	Q6AA25	0.64817	3.99	0.111	
SaFadR|Q4J9S1	Q6AAD4	0.73178	3.32	0.146	
SaFadR|Q4J9S1	Q6ABN5	0.77223	2.82	0.161	
FFRP-DM1|O73983	Q6A5I2	0.90562	1.10	0.160	
FFRP-DM1|O73983	Q6A8E6	0.8627	1.37	0.260	
ColR|Q88PE9	Q6A5Z4	0.55004	2.58	0.396	
ColR|Q88PE9	Q6A828	0.54145	3.28	0.326	
ColR|Q88PE9	Q6AAV2	0.6494	3.86	0.202	
ColR|Q88PE9	Q6ABI8	0.54571	3.10	0.303	
KijR|Q9AK09	Q6A9I0	0.55844	4.37	0.178	
AcuR|Q3J6K8	Q6A5K1	0.65984	3.78	0.140	
AcuR|Q3J6K8	Q6A626	0.62056	3.56	0.073	
AcuR|Q3J6K8	Q6A7V8	0.60912	3.75	0.133	
AcuR|Q3J6K8	Q6A8G1	0.64181	3.80	0.135	
AcuR|Q3J6K8	Q6A8J3	0.55567	4.48	0.059	
AcuR|Q3J6K8	Q6A8Y0	0.6204	3.74	0.104	
AcuR|Q3J6K8	Q6A9I0	0.54825	4.69	0.092	
AcuR|Q3J6K8	Q6AA25	0.7101	2.93	0.157	
AcuR|Q3J6K8	Q6AAD4	0.6741	3.69	0.122	
AcuR|Q3J6K8	Q6ABN5	0.77597	2.93	0.157	
ThCsoR|Q5SHL1	Q6A5L7	0.77689	1.33	0.329	
GalR|P03024	Q6A5C9	0.71692	2.30	0.236	
GalR|P03024	Q6A5G1	0.81481	2.96	0.278	
GalR|P03024	Q6A5R6	0.85534	2.43	0.269	
GalR|P03024	Q6A645	0.80317	3.21	0.229	
GalR|P03024	Q6A7G6	0.75114	4.11	0.225	
GalR|P03024	Q6A7R0	0.83039	2.98	0.226	
GalR|P03024	Q6AA58	0.85233	2.50	0.288	
GalR|P03024	Q6AAK2	0.78621	3.40	0.218	
GalR|P03024	Q6ABK7	0.87726	2.40	0.281	
GalR|P03024	Q6ABQ1	0.86921	2.38	0.317	
RccR|C3K4F9	Q6A765	0.59714	3.00	0.107	
RccR|C3K4F9	Q6A8M8	0.66641	2.47	0.271	
LanK|Q9ZGB7	Q6A5K1	0.57508	4.94	0.107	
LanK|Q9ZGB7	Q6A626	0.54175	4.46	0.166	
LanK|Q9ZGB7	Q6A7V8	0.53193	4.91	0.133	
LanK|Q9ZGB7	Q6A8G1	0.54178	4.99	0.128	
LanK|Q9ZGB7	Q6A8J3	0.56822	4.67	0.145	
LanK|Q9ZGB7	Q6A8Y0	0.53187	4.47	0.097	
LanK|Q9ZGB7	Q6A9I0	0.61287	4.19	0.145	
LanK|Q9ZGB7	Q6AA25	0.61448	4.03	0.096	
LanK|Q9ZGB7	Q6AAD4	0.69229	3.57	0.140	
LanK|Q9ZGB7	Q6ABN5	0.68601	3.80	0.141	
TnrA|Q45666	Q6A663	0.70085	2.09	0.211	
TnrA|Q45666	Q6A8T2	0.57015	2.16	0.227	
TnrA|Q45666	Q6A8T4	0.62105	2.22	0.084	
AlsR|Q04778	Q6A6A6	0.59847	3.15	0.188	
ArnR|A4QDE6	Q6ABN1	0.53625	4.41	0.224	
CsoR_YvgZ|O32222	Q6A5L7	0.94448	0.66	0.482	
GenR|D0IZS0	Q6A5K5	0.8222	2.55	0.181	
GenR|D0IZS0	Q6A795	0.81666	2.43	0.179	
GenR|D0IZS0	Q6AAR7	0.50539	3.10	0.143	
YjiE_HypT|P39376	Q6A6A6	0.6808	4.47	0.152	
SaeR|Q2G2G2	Q6A5Z4	0.76481	3.44	0.321	
SaeR|Q2G2G2	Q6A828	0.85707	2.61	0.312	
SaeR|Q2G2G2	Q6ABI8	0.52462	3.06	0.270	
TsaR|P94678	Q6A6A6	0.77288	3.73	0.208	
WggR(ExpG)|P96440	Q6A5K5	0.7443	3.00	0.166	
WggR(ExpG)|P96440	Q6A5K8	0.69346	3.11	0.201	
WggR(ExpG)|P96440	Q6A795	0.71678	2.71	0.184	
WggR(ExpG)|P96440	Q6A9D3	0.71979	2.82	0.169	
WggR(ExpG)|P96440	Q6AA82	0.73273	2.72	0.218	
WggR(ExpG)|P96440	Q6AAD5	0.73007	2.72	0.174	
WggR(ExpG)|P96440	Q6AAH9	0.52971	3.01	0.170	
VarR|Q9AJL5	Q6A7V8	0.68736	2.52	0.227	
DesX|G2IJ02	Q6A5P2	0.62632	2.20	0.211	
DesX|G2IJ02	Q6A7Z8	0.57857	2.45	0.244	
CadR|Q93TP7	Q6A663	0.53221	1.78	0.216	
CadR|Q93TP7	Q6A8T2	0.53755	2.90	0.183	
CadR|Q93TP7	Q6A8T4	0.5986	2.88	0.308	
AguR|Q9I6J7	Q6A5K1	0.64631	3.83	0.096	
AguR|Q9I6J7	Q6A626	0.62839	3.57	0.129	
AguR|Q9I6J7	Q6A7V8	0.63239	3.91	0.152	
AguR|Q9I6J7	Q6A8G1	0.67346	3.26	0.145	
AguR|Q9I6J7	Q6A8Y0	0.5944	3.56	0.173	
AguR|Q9I6J7	Q6A9I0	0.53937	4.54	0.126	
AguR|Q9I6J7	Q6AA25	0.60794	3.54	0.107	
AguR|Q9I6J7	Q6AAD4	0.55755	4.56	0.118	
AguR|Q9I6J7	Q6ABN5	0.67669	3.31	0.163	
IcaR|Q5HKQ1	Q6A5K1	0.65746	3.85	0.116	
IcaR|Q5HKQ1	Q6A626	0.63337	3.71	0.079	
IcaR|Q5HKQ1	Q6A7V8	0.62304	3.80	0.073	
IcaR|Q5HKQ1	Q6A8G1	0.64295	4.03	0.082	
IcaR|Q5HKQ1	Q6A8J3	0.52753	4.73	0.068	
IcaR|Q5HKQ1	Q6A8Y0	0.60343	3.79	0.148	
IcaR|Q5HKQ1	Q6A9I0	0.57012	4.64	0.072	
IcaR|Q5HKQ1	Q6AA25	0.70475	3.13	0.124	
IcaR|Q5HKQ1	Q6AAD4	0.74995	3.10	0.131	
IcaR|Q5HKQ1	Q6ABN5	0.77605	2.91	0.132	
MhpR|P77569	Q6A5P2	0.61205	3.78	0.171	
MhpR|P77569	Q6A7Z8	0.65297	3.64	0.206	
UxuR|P39161	Q6A6A1	0.50311	3.34	0.188	
CadC|P20047	Q6A5K5	0.58645	2.43	0.195	
CadC|P20047	Q6A7H0	0.51494	2.06	0.254	
CadC|P20047	Q6A8D7	0.69131	2.29	0.245	
BigR|Q9PFB1	Q6A5K5	0.61226	2.77	0.195	
BigR|Q9PFB1	Q6A5P2	0.52656	2.57	0.192	
BigR|Q9PFB1	Q6A7H0	0.52242	2.29	0.191	
BigR|Q9PFB1	Q6A8D7	0.6684	2.54	0.227	
SAV4189|Q82FR3	Q6A5K5	0.73482	3.16	0.232	
SAV4189|Q82FR3	Q6A5K8	0.75392	2.54	0.248	
SAV4189|Q82FR3	Q6A8D7	0.51059	1.87	0.148	
SAV4189|Q82FR3	Q6A9D3	0.77231	2.28	0.200	
SAV4189|Q82FR3	Q6AAD5	0.75504	2.67	0.193	
SAV4189|Q82FR3	Q6AAR7	0.52027	3.92	0.134	
MftR|Q2SVY7	Q6A5K5	0.78768	2.09	0.283	
PcaR|Q88N41	Q6A5P2	0.84556	2.33	0.294	
PcaR|Q88N41	Q6A7Z8	0.74325	3.21	0.236	
HinK|Q9I6S0	Q6A6A6	0.82467	2.94	0.234	
DauR|Q9HXE2	Q6A8U8	0.57328	4.72	0.222	
KstR|P96856	Q6A5K1	0.72357	3.66	0.153	
KstR|P96856	Q6A626	0.65277	3.33	0.178	
KstR|P96856	Q6A7V8	0.71352	3.48	0.145	
KstR|P96856	Q6A8G1	0.72126	3.38	0.163	
KstR|P96856	Q6A8J3	0.57069	4.62	0.143	
KstR|P96856	Q6A8Y0	0.66725	3.62	0.147	
KstR|P96856	Q6A9I0	0.57995	4.48	0.099	
KstR|P96856	Q6AA25	0.65819	3.89	0.126	
KstR|P96856	Q6AAD4	0.58929	4.21	0.130	
KstR|P96856	Q6ABN5	0.69853	3.82	0.115	
STS042|Q975W5	Q6A5I2	0.89875	1.08	0.185	
STS042|Q975W5	Q6A8E6	0.84199	1.46	0.225	
LaoR|Q9I6C7	Q6A5K1	0.54183	4.78	0.113	
LaoR|Q9I6C7	Q6A626	0.53373	4.46	0.126	
LaoR|Q9I6C7	Q6A7V8	0.51954	4.86	0.154	
LaoR|Q9I6C7	Q6A8G1	0.52802	4.89	0.131	
LaoR|Q9I6C7	Q6A8Y0	0.55568	3.45	0.114	
LaoR|Q9I6C7	Q6AA25	0.57454	3.76	0.129	
LaoR|Q9I6C7	Q6AAD4	0.60184	4.11	0.129	
LaoR|Q9I6C7	Q6ABN5	0.6587	3.55	0.133	
Mce2R|P9WMG5	Q6A6A1	0.55575	3.75	0.132	
Mce2R|P9WMG5	Q6A9R9	0.78388	2.74	0.189	
Mce2R|P9WMG5	Q6A9S0	0.81487	2.61	0.194	
Mce2R|P9WMG5	Q6ABE4	0.55886	3.01	0.199	
CamR|Q51597	Q6A5K1	0.75151	3.50	0.148	
CamR|Q51597	Q6A626	0.75142	2.75	0.167	
CamR|Q51597	Q6A7V8	0.71985	3.31	0.160	
CamR|Q51597	Q6A8G1	0.73378	3.51	0.108	
CamR|Q51597	Q6A8J3	0.59561	4.58	0.149	
CamR|Q51597	Q6A8Y0	0.64908	3.73	0.173	
CamR|Q51597	Q6A9I0	0.60995	4.10	0.072	
CamR|Q51597	Q6AA25	0.66262	3.63	0.161	
CamR|Q51597	Q6AAD4	0.67819	3.89	0.111	
CamR|Q51597	Q6ABN5	0.71551	3.24	0.080	
PhlH|Q4K424	Q6A5K1	0.60608	4.47	0.119	
PhlH|Q4K424	Q6A626	0.57551	4.02	0.122	
PhlH|Q4K424	Q6A7V8	0.56078	4.32	0.072	
PhlH|Q4K424	Q6A8G1	0.54873	4.73	0.119	
PhlH|Q4K424	Q6A8J3	0.61537	4.46	0.163	
PhlH|Q4K424	Q6A8Y0	0.51221	4.61	0.124	
PhlH|Q4K424	Q6A9I0	0.5548	4.53	0.111	
PhlH|Q4K424	Q6AA25	0.56587	4.30	0.119	
PhlH|Q4K424	Q6AAD4	0.68196	3.52	0.166	
PhlH|Q4K424	Q6ABN5	0.63673	3.59	0.160	
Amet0586|A6TKU5	Q6A5C9	0.73605	2.27	0.184	
Amet0586|A6TKU5	Q6A5G1	0.81641	2.93	0.239	
Amet0586|A6TKU5	Q6A5R6	0.84288	2.77	0.225	
Amet0586|A6TKU5	Q6A645	0.8009	3.21	0.182	
Amet0586|A6TKU5	Q6A7G6	0.77229	3.60	0.221	
Amet0586|A6TKU5	Q6A7R0	0.84588	2.93	0.217	
Amet0586|A6TKU5	Q6AA58	0.85619	2.56	0.215	
Amet0586|A6TKU5	Q6AAK2	0.80676	3.20	0.182	
Amet0586|A6TKU5	Q6ABK7	0.86686	2.63	0.224	
Amet0586|A6TKU5	Q6ABQ1	0.9096	2.02	0.286	
CarR|Q8NLF4	Q6A5K5	0.71107	2.98	0.232	
CarR|Q8NLF4	Q6A5K8	0.70937	2.62	0.209	
CarR|Q8NLF4	Q6A795	0.6783	2.87	0.204	
CarR|Q8NLF4	Q6A9D3	0.73014	2.68	0.170	
CarR|Q8NLF4	Q6AA82	0.63045	3.39	0.174	
CarR|Q8NLF4	Q6AAD5	0.70633	2.84	0.235	
TcmR|A0A089XGZ4	Q6A9I0	0.68107	2.89	0.207	
Crp|A0A2S7V859	Q6AB82	0.85869	2.23	0.224	
UlaR_YjfQ|P0A9W0	Q6A5D3	0.66338	2.03	0.235	
UlaR_YjfQ|P0A9W0	Q6A904	0.69089	2.33	0.242	
UlaR_YjfQ|P0A9W0	Q6AB10	0.65488	2.05	0.188	
UlaR_YjfQ|P0A9W0	Q6ABG4	0.67066	2.13	0.235	
UlaR_YjfQ|P0A9W0	Q6ABK0	0.66118	2.45	0.173	
UlaR_YjfQ|P0A9W0	Q6ABT6	0.67276	2.19	0.201	
HspR|P40183	Q6A663	0.72392	1.69	0.519	
HspR|P40183	Q6A8T2	0.50593	1.95	0.303	
HspR|P40183	Q6A8T4	0.54494	1.85	0.262	
AlgU|Q06198	Q6A8A1	0.73211	2.82	0.297	
AlgU|Q06198	Q6AAS2	0.84571	1.97	0.250	
SigB|P06574	Q6A8Y2	0.81512	3.13	0.245	
SigB|P06574	Q6A8Y3	0.78186	3.26	0.234	
LrpA1|B0R4X4	Q6A8E6	0.86486	1.69	0.197	
RpoS|O51712	Q6A8Y2	0.84162	2.58	0.331	
RpoS|O51712	Q6A8Y3	0.83763	2.71	0.291	
LmrR|A2RI36	Q6A793	0.70536	2.92	0.248	
LmrR|A2RI36	Q6AA82	0.61347	3.28	0.221	
LmrR|A2RI36	Q6AB98	0.63522	1.95	0.224	
BadR|O07458	Q6A5K5	0.75185	2.26	0.201	
BadR|O07458	Q6A5K8	0.57713	3.25	0.146	
BadR|O07458	Q6A795	0.7266	2.03	0.201	
BadR|O07458	Q6A9D3	0.61968	3.03	0.170	
BadR|O07458	Q6AA82	0.70747	2.09	0.190	
BadR|O07458	Q6AAD5	0.66822	2.92	0.230	
CsqR_YihW|P32144	Q6A5D3	0.70195	2.81	0.237	
CsqR_YihW|P32144	Q6A904	0.70476	3.14	0.262	
CsqR_YihW|P32144	Q6AB10	0.69177	3.13	0.194	
CsqR_YihW|P32144	Q6ABG4	0.67907	2.44	0.215	
CsqR_YihW|P32144	Q6ABK0	0.70031	2.66	0.216	
CsqR_YihW|P32144	Q6ABT6	0.72532	2.25	0.208	
PuuR|P0A9U6	Q6A5Q1	0.52542	2.33	0.165	
BenM|O68014	Q6A6A6	0.6235	2.81	0.185	
SYCRP1|A0A068N0W4	Q6AB82	0.83284	2.54	0.214	
TsdR|Q0SFL4	Q6A5P2	0.7726	2.89	0.212	
Fad35R|O06169	Q6A5K1	0.58519	4.51	0.141	
Fad35R|O06169	Q6A626	0.57099	4.13	0.071	
Fad35R|O06169	Q6A7V8	0.56928	4.36	0.091	
Fad35R|O06169	Q6A8G1	0.53344	4.80	0.114	
Fad35R|O06169	Q6A8Y0	0.53089	4.23	0.167	
Fad35R|O06169	Q6A9I0	0.54105	4.54	0.137	
Fad35R|O06169	Q6AA25	0.60777	3.69	0.119	
Fad35R|O06169	Q6AAD4	0.70595	2.93	0.245	
Fad35R|O06169	Q6ABN5	0.69203	3.28	0.164	
KstR2|P9WMB9	Q6A5K1	0.60694	4.44	0.102	
KstR2|P9WMB9	Q6A626	0.55166	4.22	0.083	
KstR2|P9WMB9	Q6A7V8	0.57253	4.20	0.087	
KstR2|P9WMB9	Q6A8G1	0.52818	4.56	0.087	
KstR2|P9WMB9	Q6A8Y0	0.52368	4.60	0.082	
KstR2|P9WMB9	Q6A9I0	0.53233	4.67	0.133	
KstR2|P9WMB9	Q6AA25	0.5631	4.60	0.145	
KstR2|P9WMB9	Q6AAD4	0.7393	2.99	0.153	
KstR2|P9WMB9	Q6ABN5	0.66716	3.86	0.150	
EmhR|C1KA83	Q6A5K1	0.6169	4.28	0.125	
EmhR|C1KA83	Q6A626	0.60791	3.60	0.149	
EmhR|C1KA83	Q6A7V8	0.59963	4.24	0.139	
EmhR|C1KA83	Q6A8G1	0.62705	4.13	0.161	
EmhR|C1KA83	Q6A8J3	0.59648	4.25	0.170	
EmhR|C1KA83	Q6A8Y0	0.57283	4.26	0.164	
EmhR|C1KA83	Q6A9I0	0.60449	4.12	0.201	
EmhR|C1KA83	Q6AA25	0.6237	3.97	0.136	
EmhR|C1KA83	Q6AAD4	0.65809	3.61	0.157	
EmhR|C1KA83	Q6ABN5	0.69796	3.57	0.176	
DtxR|P0DJL7	Q6AAH9	0.88717	2.25	0.475	
InrS|Q55554	Q6A5L7	0.83512	1.39	0.366	
Rv3066|P95092	Q6AA25	0.7081	2.98	0.164	
Rv3066|P95092	Q6ABN5	0.69393	3.13	0.162	
PA1607|Q9I3B4	Q6AA82	0.56182	2.58	0.135	
IclR|P16528	Q6A5P2	0.7779	2.71	0.236	
IclR|P16528	Q6A7Z8	0.74197	2.71	0.244	
SigX|P35165	Q6A8A1	0.61425	2.54	0.248	
SigX|P35165	Q6AAS2	0.64235	2.11	0.180	
NemR|P67430	Q6A5K1	0.70281	3.52	0.130	
NemR|P67430	Q6A626	0.64508	3.46	0.101	
NemR|P67430	Q6A7V8	0.60662	4.21	0.128	
NemR|P67430	Q6A8G1	0.68143	3.74	0.145	
NemR|P67430	Q6A8J3	0.56048	4.99	0.103	
NemR|P67430	Q6A8Y0	0.62379	3.78	0.146	
NemR|P67430	Q6A9I0	0.54928	4.60	0.116	
NemR|P67430	Q6AA25	0.73315	2.84	0.140	
NemR|P67430	Q6AAD4	0.64519	4.04	0.170	
NemR|P67430	Q6ABN5	0.75815	3.38	0.166	
GusR|P0ACT8	Q6ABN5	0.79423	2.67	0.162	
Mlc|P50456	Q6A5Y2	0.55599	2.92	0.176	
Mlc|P50456	Q6A633	0.67452	2.90	0.209	
Mlc|P50456	Q6A638	0.70628	4.40	0.186	
Mlc|P50456	Q6A6D9	0.69442	4.19	0.162	
Mlc|P50456	Q6A8M4	0.50208	3.82	0.113	
Mlc|P50456	Q6A9T7	0.68917	2.51	0.240	
Mlc|P50456	Q6AAR7	0.65512	4.12	0.150	
Mlc|P50456	Q6ABP0	0.81956	3.33	0.205	
HapR|A0A0H3Q915	Q6A5K1	0.61373	3.94	0.130	
HapR|A0A0H3Q915	Q6A626	0.58542	3.46	0.072	
HapR|A0A0H3Q915	Q6A7V8	0.59964	3.64	0.070	
HapR|A0A0H3Q915	Q6A8G1	0.57722	4.11	0.086	
HapR|A0A0H3Q915	Q6A8Y0	0.50879	4.35	0.091	
HapR|A0A0H3Q915	Q6A9I0	0.52894	4.51	0.071	
HapR|A0A0H3Q915	Q6AA25	0.60829	3.65	0.120	
HapR|A0A0H3Q915	Q6AAD4	0.68719	3.13	0.135	
HapR|A0A0H3Q915	Q6ABN5	0.68477	3.25	0.122	
SghR|A0A2I4PGE9	Q6A5C9	0.69069	2.62	0.138	
SghR|A0A2I4PGE9	Q6A5G1	0.82157	2.94	0.229	
SghR|A0A2I4PGE9	Q6A5R6	0.81435	2.77	0.213	
SghR|A0A2I4PGE9	Q6A645	0.73663	3.65	0.177	
SghR|A0A2I4PGE9	Q6A7G6	0.71923	3.66	0.146	
SghR|A0A2I4PGE9	Q6A7R0	0.84529	2.60	0.239	
SghR|A0A2I4PGE9	Q6AA58	0.82921	2.62	0.195	
SghR|A0A2I4PGE9	Q6AAK2	0.7613	3.47	0.161	
SghR|A0A2I4PGE9	Q6ABK7	0.82156	2.85	0.179	
SghR|A0A2I4PGE9	Q6ABQ1	0.8248	2.66	0.178	
GluR|Q9X2G2	Q6A5Y2	0.65873	2.52	0.198	
GluR|Q9X2G2	Q6A633	0.80584	3.15	0.230	
GluR|Q9X2G2	Q6A638	0.81543	2.62	0.265	
GluR|Q9X2G2	Q6A6D9	0.74109	3.03	0.236	
GluR|Q9X2G2	Q6A8M4	0.59547	3.39	0.127	
GluR|Q9X2G2	Q6A9T7	0.83416	2.39	0.261	
GluR|Q9X2G2	Q6AAR7	0.66298	2.86	0.181	
GluR|Q9X2G2	Q6ABP0	0.8517	2.80	0.227	
CsiR|Q88IU1	Q6A6A1	0.52765	2.98	0.103	
CsiR|Q88IU1	Q6A9R9	0.58112	4.60	0.116	
CsiR|Q88IU1	Q6A9S0	0.64619	4.38	0.127	
CsiR|Q88IU1	Q6ABE4	0.57187	3.37	0.132	
AsnC|P0ACI6	Q6A5I2	0.8305	2.19	0.176	
AsnC|P0ACI6	Q6A8E6	0.83861	2.13	0.243	
HypT|Q7CP75	Q6A6A6	0.68052	4.43	0.119	
AcrT|A4FGS6	Q6A5K1	0.53346	4.66	0.151	
AcrT|A4FGS6	Q6A626	0.53553	4.63	0.112	
AcrT|A4FGS6	Q6A7V8	0.5705	4.57	0.080	
AcrT|A4FGS6	Q6A8G1	0.56935	4.48	0.119	
AcrT|A4FGS6	Q6A8J3	0.64141	4.12	0.194	
AcrT|A4FGS6	Q6A9I0	0.69974	3.54	0.201	
AcrT|A4FGS6	Q6AA25	0.54554	4.57	0.134	
AcrT|A4FGS6	Q6AAD4	0.54398	4.98	0.154	
AcrT|A4FGS6	Q6ABN5	0.57924	4.21	0.146	
Rv2887|P9WME9	Q6A5K5	0.72403	3.31	0.212	
Rv2887|P9WME9	Q6A5K8	0.69762	3.13	0.159	
Rv2887|P9WME9	Q6A795	0.75071	3.04	0.187	
Rv2887|P9WME9	Q6A9D3	0.7051	3.10	0.192	
Rv2887|P9WME9	Q6AA82	0.7016	2.94	0.233	
Rv2887|P9WME9	Q6AAD5	0.71218	3.35	0.204	
SufR|Q829T5	Q6A7H0	0.62838	3.47	0.450	
SCO3361|Q7AKL8	Q6A5I2	0.82702	2.02	0.181	
SCO3361|Q7AKL8	Q6A8E6	0.85362	1.75	0.301	
BF2549|Q5LC36	Q6A793	0.86918	1.55	0.346	
BF2549|Q5LC36	Q6AA82	0.70315	2.86	0.218	
BF2549|Q5LC36	Q6AB98	0.66377	1.90	0.193	
NalC|Q9HXS0	Q6A5K1	0.59041	4.54	0.117	
NalC|Q9HXS0	Q6A626	0.5904	4.46	0.184	
NalC|Q9HXS0	Q6A7V8	0.56654	4.23	0.152	
NalC|Q9HXS0	Q6A8G1	0.62722	4.03	0.169	
NalC|Q9HXS0	Q6A8J3	0.6395	3.81	0.134	
NalC|Q9HXS0	Q6A8Y0	0.50156	4.95	0.090	
NalC|Q9HXS0	Q6A9I0	0.61193	3.97	0.139	
NalC|Q9HXS0	Q6AA25	0.55399	4.45	0.133	
NalC|Q9HXS0	Q6AAD4	0.5416	4.88	0.156	
NalC|Q9HXS0	Q6ABN5	0.5934	4.29	0.146	
XapR|P23841	Q6A6A6	0.72376	4.02	0.246	
MsmR_MelR|O34829	Q6A5C9	0.6644	2.60	0.236	
MsmR_MelR|O34829	Q6A5G1	0.69552	3.14	0.207	
MsmR_MelR|O34829	Q6A5R6	0.68152	2.78	0.206	
MsmR_MelR|O34829	Q6A645	0.68564	2.59	0.213	
MsmR_MelR|O34829	Q6A7G6	0.67662	3.06	0.207	
MsmR_MelR|O34829	Q6A7R0	0.6811	2.95	0.206	
MsmR_MelR|O34829	Q6AA58	0.69737	2.75	0.218	
MsmR_MelR|O34829	Q6AAK2	0.6367	3.66	0.166	
MsmR_MelR|O34829	Q6ABK7	0.70261	2.97	0.240	
MsmR_MelR|O34829	Q6ABQ1	0.67475	3.04	0.215	
QuiR|Q8Y9N7	Q6A6A6	0.60713	3.27	0.172	
VcFadR|Q9KQU8	Q6A9R9	0.66027	3.00	0.124	
VcFadR|Q9KQU8	Q6A9S0	0.68101	3.03	0.124	
GltC|P20668	Q6A6A6	0.83362	3.09	0.257	
MngR|P13669	Q6A9Y4	0.67436	3.35	0.237	
MngR|P13669	Q6AAK9	0.69239	3.08	0.174	
DegU|P13800	Q6A671	0.6066	3.29	0.317	
DegU|P13800	Q6A966	0.55365	3.06	0.285	
DegU|P13800	Q6A987	0.59066	3.36	0.331	
DegU|P13800	Q6AAP9	0.57945	1.64	0.271	
DegU|P13800	Q6AB19	0.61214	3.78	0.298	
DegU|P13800	Q6ABR9	0.58164	3.46	0.304	
BtRhaR|O05261	Q6A5D3	0.70407	2.19	0.265	
BtRhaR|O05261	Q6A904	0.71893	1.81	0.284	
BtRhaR|O05261	Q6AB10	0.70077	1.83	0.205	
NarP|P31802	Q6A671	0.59278	3.29	0.313	
NarP|P31802	Q6A966	0.57959	3.09	0.278	
NarP|P31802	Q6A987	0.56297	3.26	0.310	
NarP|P31802	Q6AAP9	0.57028	2.20	0.289	
NarP|P31802	Q6AB19	0.58867	3.39	0.346	
NarP|P31802	Q6ABR9	0.59564	2.94	0.331	
Raas|O86312	Q6A5K1	0.57581	4.47	0.163	
Raas|O86312	Q6A626	0.57975	4.24	0.116	
Raas|O86312	Q6A7V8	0.52448	4.85	0.122	
Raas|O86312	Q6A8G1	0.60705	3.94	0.185	
Raas|O86312	Q6A8J3	0.51775	5.17	0.124	
Raas|O86312	Q6A8Y0	0.5617	4.40	0.152	
Raas|O86312	Q6A9I0	0.55681	4.64	0.080	
Raas|O86312	Q6AA25	0.65863	3.61	0.120	
Raas|O86312	Q6AAD4	0.60811	4.00	0.170	
Raas|O86312	Q6ABN5	0.65902	3.82	0.165	
HpxU|A0A844PVM0	Q6A765	0.6522	3.54	0.148	
HpxU|A0A844PVM0	Q6A8M8	0.60067	2.93	0.130	
PckR|Q7APB5	Q6A5C9	0.73923	2.02	0.230	
PckR|Q7APB5	Q6A5G1	0.85397	2.53	0.221	
PckR|Q7APB5	Q6A5R6	0.8774	2.24	0.284	
PckR|Q7APB5	Q6A645	0.81333	3.26	0.234	
PckR|Q7APB5	Q6A7G6	0.78762	3.25	0.248	
PckR|Q7APB5	Q6A7R0	0.85431	2.79	0.260	
PckR|Q7APB5	Q6AA58	0.89015	2.12	0.264	
PckR|Q7APB5	Q6AAK2	0.82109	2.87	0.231	
PckR|Q7APB5	Q6ABK7	0.88988	2.32	0.260	
PckR|Q7APB5	Q6ABQ1	0.91362	1.89	0.307	
PdxR|Q5WKW3	Q6A949	0.88407	2.71	0.292	
PdxR|Q5WKW3	Q6A9D6	0.67282	3.18	0.169	
SaaR|I6X658	Q6AA25	0.70548	3.02	0.164	
SaaR|I6X658	Q6ABN5	0.69161	3.22	0.161	
HpaR_HpcR|P62574	Q6A5K5	0.74702	3.08	0.204	
HpaR_HpcR|P62574	Q6A5K8	0.68966	3.02	0.163	
HpaR_HpcR|P62574	Q6A795	0.75957	2.52	0.219	
HpaR_HpcR|P62574	Q6A9D3	0.70573	3.20	0.170	
HpaR_HpcR|P62574	Q6AA82	0.74992	2.44	0.230	
HpaR_HpcR|P62574	Q6AAD5	0.713	3.08	0.165	
DcuR|P0AD01	Q6A5Z4	0.52332	3.02	0.179	
DcuR|P0AD01	Q6A657	0.51137	3.54	0.179	
DcuR|P0AD01	Q6A828	0.5169	3.43	0.151	
DcuR|P0AD01	Q6AAV2	0.55728	3.69	0.181	
PdhR|P0ACL9	Q6A6A1	0.53661	3.67	0.183	
PdhR|P0ACL9	Q6A9R9	0.51508	2.76	0.141	
PdhR|P0ACL9	Q6A9S0	0.5444	2.46	0.173	
PdhR|P0ACL9	Q6ABE4	0.58023	3.86	0.185	
NssR|Q0PB47	Q6AB82	0.69059	3.92	0.118	
EHN63435|A0A8B4S4L4	Q6A5K1	0.6907	3.92	0.160	
EHN63435|A0A8B4S4L4	Q6A626	0.62409	3.74	0.127	
EHN63435|A0A8B4S4L4	Q6A7V8	0.61619	4.01	0.059	
EHN63435|A0A8B4S4L4	Q6A8G1	0.63193	4.18	0.144	
EHN63435|A0A8B4S4L4	Q6A8Y0	0.61633	3.74	0.139	
EHN63435|A0A8B4S4L4	Q6A9I0	0.53989	4.89	0.095	
EHN63435|A0A8B4S4L4	Q6AA25	0.69089	3.46	0.185	
EHN63435|A0A8B4S4L4	Q6AAD4	0.72145	3.19	0.200	
EHN63435|A0A8B4S4L4	Q6ABN5	0.7939	3.01	0.157	
HlyU|P52695	Q6A5K5	0.61141	2.88	0.171	
HlyU|P52695	Q6A5P2	0.54742	3.11	0.203	
HlyU|P52695	Q6A7H0	0.56169	2.31	0.243	
HlyU|P52695	Q6A8D7	0.72	2.76	0.247	
HlyU|P52695	Q6ABN1	0.50595	2.40	0.242	
PrfA|P22262	Q6AB82	0.78413	2.46	0.136	
HipB|P23873	Q6A5Q1	0.69254	2.29	0.188	
HipB|P23873	Q6A7B8	0.60542	2.20	0.169	
HipB|P23873	Q6A8E0	0.69004	2.58	0.250	
HipB|P23873	Q6A905	0.70799	2.11	0.156	
HipB|P23873	Q6ABC9	0.61661	2.39	0.206	
Rv3405c|P9WMC3	Q6A5K1	0.6386	4.25	0.154	
Rv3405c|P9WMC3	Q6A626	0.64788	3.59	0.110	
Rv3405c|P9WMC3	Q6A7V8	0.61707	3.87	0.157	
Rv3405c|P9WMC3	Q6A8G1	0.68197	3.41	0.219	
Rv3405c|P9WMC3	Q6A8J3	0.55465	4.89	0.194	
Rv3405c|P9WMC3	Q6A8Y0	0.59118	3.86	0.200	
Rv3405c|P9WMC3	Q6A9I0	0.51528	4.69	0.126	
Rv3405c|P9WMC3	Q6AA25	0.60226	3.99	0.075	
Rv3405c|P9WMC3	Q6AAD4	0.62415	4.38	0.198	
Rv3405c|P9WMC3	Q6ABN5	0.68748	3.55	0.175	
VaFadR|D0X078	Q6A9R9	0.66561	2.90	0.115	
VaFadR|D0X078	Q6A9S0	0.68331	3.02	0.128	
ZntR|Q8ZLM3	Q6A8T2	0.50794	2.79	0.179	
ZntR|Q8ZLM3	Q6A8T4	0.55452	3.03	0.191	
LVIS_0553|Q03SX1	Q6A5K5	0.70831	3.47	0.156	
LVIS_0553|Q03SX1	Q6A5K8	0.72091	2.85	0.161	
LVIS_0553|Q03SX1	Q6A795	0.72269	3.03	0.129	
LVIS_0553|Q03SX1	Q6A9D3	0.72361	3.10	0.167	
LVIS_0553|Q03SX1	Q6AA82	0.70559	2.94	0.165	
LVIS_0553|Q03SX1	Q6AAD5	0.72339	3.16	0.190	
LVIS_0553|Q03SX1	Q6AAH9	0.55353	3.87	0.144	
BhcR|A1B8Z4	Q6A5P2	0.72771	3.13	0.208	
MtrR|E3UMG9	Q6A5K1	0.64097	4.11	0.170	
MtrR|E3UMG9	Q6A626	0.62147	3.61	0.164	
MtrR|E3UMG9	Q6A7V8	0.58596	4.06	0.138	
MtrR|E3UMG9	Q6A8G1	0.64301	4.23	0.136	
MtrR|E3UMG9	Q6A8J3	0.60365	4.47	0.098	
MtrR|E3UMG9	Q6A8Y0	0.59388	4.37	0.136	
MtrR|E3UMG9	Q6A9I0	0.59643	4.34	0.098	
MtrR|E3UMG9	Q6AA25	0.65709	3.75	0.114	
MtrR|E3UMG9	Q6AAD4	0.67749	3.54	0.160	
MtrR|E3UMG9	Q6ABN5	0.73344	3.30	0.162	
MphR|W8ZSQ8	Q6A5K1	0.65567	3.93	0.119	
MphR|W8ZSQ8	Q6A626	0.64354	3.24	0.145	
MphR|W8ZSQ8	Q6A7V8	0.59684	4.09	0.118	
MphR|W8ZSQ8	Q6A8G1	0.6432	4.03	0.121	
MphR|W8ZSQ8	Q6A8J3	0.54766	4.80	0.091	
MphR|W8ZSQ8	Q6A8Y0	0.60608	3.76	0.157	
MphR|W8ZSQ8	Q6A9I0	0.57695	4.10	0.056	
MphR|W8ZSQ8	Q6AA25	0.7663	2.66	0.153	
MphR|W8ZSQ8	Q6AAD4	0.6489	3.89	0.143	
MphR|W8ZSQ8	Q6ABN5	0.73109	3.17	0.155	
AhrC|P17893	Q6A7V9	0.58813	3.63	0.272	
AhrC|P17893	Q6AA75	0.54931	3.55	0.238	
AaFur|Q8L3M2	Q6A965	0.70567	2.42	0.281	
VvPecS|Q7ME65	Q6A5K5	0.79489	1.63	0.186	
VvPecS|Q7ME65	Q6A5K8	0.61148	3.19	0.135	
VvPecS|Q7ME65	Q6A795	0.76797	2.07	0.199	
VvPecS|Q7ME65	Q6A9D3	0.6544	2.60	0.168	
VvPecS|Q7ME65	Q6AA82	0.70251	2.57	0.204	
VvPecS|Q7ME65	Q6AAD5	0.88917	1.68	0.346	
CmgR|Q8NMG3	Q6A5K1	0.66129	3.93	0.114	
CmgR|Q8NMG3	Q6A626	0.62445	3.99	0.141	
CmgR|Q8NMG3	Q6A7V8	0.59882	4.30	0.098	
CmgR|Q8NMG3	Q6A8G1	0.60353	4.08	0.143	
CmgR|Q8NMG3	Q6A8J3	0.53097	4.85	0.110	
CmgR|Q8NMG3	Q6A8Y0	0.58239	3.74	0.176	
CmgR|Q8NMG3	Q6A9I0	0.54019	4.70	0.071	
CmgR|Q8NMG3	Q6AA25	0.65666	3.90	0.182	
CmgR|Q8NMG3	Q6AAD4	0.70173	3.79	0.101	
CmgR|Q8NMG3	Q6ABN5	0.69923	3.60	0.121	
DntR|Q7WT50	Q6A6A6	0.54936	4.10	0.088	
DarR|A0R352	Q6A5K1	0.60224	4.41	0.128	
DarR|A0R352	Q6A626	0.55614	4.04	0.107	
DarR|A0R352	Q6A7V8	0.56092	4.30	0.119	
DarR|A0R352	Q6A8G1	0.53267	4.72	0.145	
DarR|A0R352	Q6A8Y0	0.54903	4.05	0.112	
DarR|A0R352	Q6A9I0	0.53441	4.66	0.135	
DarR|A0R352	Q6AA25	0.58709	3.95	0.141	
DarR|A0R352	Q6AAD4	0.68911	3.24	0.154	
DarR|A0R352	Q6ABN5	0.71985	3.03	0.141	
MgFur|V6F4Q0	Q6A965	0.70565	2.65	0.280	
MexT|Q9I0Z0	Q6A6A6	0.7307	4.07	0.172	
HpdA|Q9S2F3	Q6A5I2	0.77536	2.93	0.181	
HpdA|Q9S2F3	Q6A8E6	0.72533	2.57	0.247	
CitO|Q2KKB8	Q6A6A1	0.52266	3.25	0.097	
CitO|Q2KKB8	Q6A9R9	0.58668	4.25	0.104	
CitO|Q2KKB8	Q6A9S0	0.66577	3.91	0.122	
CitO|Q2KKB8	Q6ABE4	0.54154	2.99	0.108	
LigR|G2IQQ7	Q6A6A6	0.62486	3.36	0.210	
EryD|Q2YIQ4	Q6A5F1	0.78908	3.54	0.176	
EryD|Q2YIQ4	Q6A8F0	0.81132	3.16	0.199	
EryD|Q2YIQ4	Q6A9D2	0.73175	2.37	0.222	
ArsR1|Q88LK1	Q6A5K5	0.56594	3.49	0.141	
ArsR1|Q88LK1	Q6A5P2	0.5221	3.01	0.162	
ArsR1|Q88LK1	Q6A7H0	0.53568	3.00	0.230	
ArsR1|Q88LK1	Q6A8D7	0.60981	2.36	0.329	
ArsR1|Q88LK1	Q6ABN1	0.50882	3.18	0.167	
FdeR|D8J0W4	Q6A6A6	0.79488	3.43	0.173	
HupB|P9WMK7	Q6A752	0.80051	1.33	0.308	
QsuR|A4QB61	Q6A6A6	0.63619	4.75	0.149	
BkdR|A0A059UVN8	Q6A5I2	0.79289	2.63	0.143	
BkdR|A0A059UVN8	Q6A8E6	0.79553	1.96	0.253	
OphR|A4ZXZ2	Q6A5P2	0.60127	2.68	0.238	
NtdR_YhjM|O07567	Q6A5C9	0.76888	1.95	0.196	
NtdR_YhjM|O07567	Q6A5G1	0.85287	2.83	0.223	
NtdR_YhjM|O07567	Q6A5R6	0.87246	2.36	0.236	
NtdR_YhjM|O07567	Q6A645	0.81699	3.21	0.182	
NtdR_YhjM|O07567	Q6A7G6	0.76665	3.24	0.250	
NtdR_YhjM|O07567	Q6A7R0	0.86437	2.87	0.225	
NtdR_YhjM|O07567	Q6AA58	0.87093	2.57	0.224	
NtdR_YhjM|O07567	Q6AAK2	0.79254	3.41	0.163	
NtdR_YhjM|O07567	Q6ABK7	0.88414	2.44	0.212	
NtdR_YhjM|O07567	Q6ABQ1	0.89789	2.17	0.235	
NhaR|P0A9G2	Q6A6A6	0.68743	4.59	0.129	
YvoA|I1Y995	Q6A9Y4	0.80465	2.41	0.310	
YvoA|I1Y995	Q6AAK9	0.80229	2.41	0.220	
IphR|C4TNS6	Q6A5P2	0.75059	3.43	0.264	
IphR|C4TNS6	Q6A7Z8	0.73874	3.10	0.265	
SauCsoR|A0A0H3K9R5	Q6A5L7	0.88794	0.99	0.412	
Ef_2962|Q82ZT5	Q6A5C9	0.75457	1.83	0.239	
Ef_2962|Q82ZT5	Q6A5G1	0.85141	2.85	0.210	
Ef_2962|Q82ZT5	Q6A5R6	0.86917	2.51	0.255	
Ef_2962|Q82ZT5	Q6A645	0.8054	3.51	0.221	
Ef_2962|Q82ZT5	Q6A7G6	0.77791	3.31	0.237	
Ef_2962|Q82ZT5	Q6A7R0	0.87505	2.58	0.231	
Ef_2962|Q82ZT5	Q6AA58	0.87924	2.44	0.228	
Ef_2962|Q82ZT5	Q6AAK2	0.8119	3.24	0.186	
Ef_2962|Q82ZT5	Q6ABK7	0.88432	2.48	0.262	
Ef_2962|Q82ZT5	Q6ABQ1	0.91233	1.97	0.265	
MtbCRP|P9WMH3	Q6AB82	0.94175	1.50	0.422	
TtgR|Q9AIU0	Q6A5K1	0.62158	4.28	0.135	
TtgR|Q9AIU0	Q6A626	0.60268	3.97	0.169	
TtgR|Q9AIU0	Q6A7V8	0.58776	4.16	0.149	
TtgR|Q9AIU0	Q6A8G1	0.62634	4.20	0.177	
TtgR|Q9AIU0	Q6A8J3	0.59883	4.48	0.082	
TtgR|Q9AIU0	Q6A8Y0	0.59156	4.22	0.162	
TtgR|Q9AIU0	Q6A9I0	0.59492	4.27	0.211	
TtgR|Q9AIU0	Q6AA25	0.64117	3.70	0.148	
TtgR|Q9AIU0	Q6AAD4	0.67082	3.56	0.187	
TtgR|Q9AIU0	Q6ABN5	0.71812	3.36	0.166	
CpsQ|Q87G71	Q6AAP9	0.51288	4.61	0.099	
SACE-Lrp|A4FKQ1	Q6A5I2	0.83139	1.97	0.229	
SACE-Lrp|A4FKQ1	Q6A8E6	0.8543	1.83	0.254	
GylR3|Q9AL35	Q6A5C9	0.70454	2.42	0.184	
GylR3|Q9AL35	Q6A5G1	0.84947	2.49	0.222	
GylR3|Q9AL35	Q6A5R6	0.82057	2.59	0.246	
GylR3|Q9AL35	Q6A645	0.77022	3.54	0.185	
GylR3|Q9AL35	Q6A7G6	0.73939	3.04	0.242	
GylR3|Q9AL35	Q6A7R0	0.81598	3.01	0.220	
GylR3|Q9AL35	Q6AA58	0.81125	2.97	0.235	
GylR3|Q9AL35	Q6AAK2	0.73745	3.71	0.178	
GylR3|Q9AL35	Q6ABK7	0.84183	2.81	0.220	
GylR3|Q9AL35	Q6ABQ1	0.81701	2.78	0.283	
MsNrtR|A0QX74	Q6AAW9	0.51714	2.97	0.226	
MsNrtR|A0QX74	Q6ABF5	0.51108	3.06	0.143	
MtAldR|O33321	Q6A5I2	0.8375	1.99	0.154	
MtAldR|O33321	Q6A8E6	0.84126	1.82	0.255	
HdnoR|Q8GAF9	Q6AA25	0.76433	2.71	0.162	
HdnoR|Q8GAF9	Q6ABN5	0.75218	3.35	0.228	
MepR|Q2G141	Q6A5K5	0.85717	2.04	0.173	
MepR|Q2G141	Q6A5K8	0.65136	3.39	0.182	
MepR|Q2G141	Q6A795	0.8428	2.27	0.165	
MepR|Q2G141	Q6A9D3	0.71414	3.08	0.158	
MepR|Q2G141	Q6AA82	0.81545	2.28	0.244	
MepR|Q2G141	Q6AAD5	0.83504	2.13	0.173	
MepR|Q2G141	Q6AAR7	0.52669	3.77	0.134	
MepR|Q2G141	Q6ABP0	0.50038	3.67	0.099	
RovM|A0A380PDL3	Q6A6A6	0.54838	4.03	0.159	
SigM|O07582	Q6A8A1	0.84197	1.94	0.254	
SigM|O07582	Q6AAS2	0.855	1.78	0.195	
FabR_YijC|P0ACU5	Q6A5K1	0.61208	3.84	0.183	
FabR_YijC|P0ACU5	Q6A626	0.58684	3.85	0.156	
FabR_YijC|P0ACU5	Q6A7V8	0.56811	3.64	0.087	
FabR_YijC|P0ACU5	Q6A8G1	0.61022	3.50	0.139	
FabR_YijC|P0ACU5	Q6A8J3	0.53692	4.75	0.071	
FabR_YijC|P0ACU5	Q6A8Y0	0.57583	3.94	0.098	
FabR_YijC|P0ACU5	Q6A9I0	0.52081	4.59	0.107	
FabR_YijC|P0ACU5	Q6AA25	0.61311	3.52	0.169	
FabR_YijC|P0ACU5	Q6AAD4	0.60945	3.61	0.199	
FabR_YijC|P0ACU5	Q6ABN5	0.66245	3.12	0.144	
CtcS|S4S3A4	Q6A5K5	0.71845	3.10	0.224	
CtcS|S4S3A4	Q6A5K8	0.58604	3.36	0.228	
CtcS|S4S3A4	Q6A795	0.73374	2.34	0.220	
CtcS|S4S3A4	Q6A9D3	0.60753	3.46	0.159	
CtcS|S4S3A4	Q6AA82	0.68138	2.25	0.174	
CtcS|S4S3A4	Q6AAD5	0.65605	3.29	0.189	
FurA|Q7BR72	Q6A965	0.64944	3.45	0.192	
YxaF|P42105	Q6A5K1	0.71481	3.41	0.134	
YxaF|P42105	Q6A626	0.67619	3.14	0.120	
YxaF|P42105	Q6A7V8	0.66889	3.68	0.076	
YxaF|P42105	Q6A8G1	0.70491	3.49	0.120	
YxaF|P42105	Q6A8J3	0.60622	4.32	0.093	
YxaF|P42105	Q6A8Y0	0.63926	3.49	0.178	
YxaF|P42105	Q6A9I0	0.57522	4.41	0.080	
YxaF|P42105	Q6AA25	0.72645	3.22	0.175	
YxaF|P42105	Q6AAD4	0.64898	3.92	0.124	
YxaF|P42105	Q6ABN5	0.75655	3.17	0.126	
AioF|D6CMG4	Q6A5K5	0.51813	2.73	0.171	
AioF|D6CMG4	Q6A5P2	0.60489	3.04	0.177	
AioF|D6CMG4	Q6A7H0	0.52951	3.00	0.125	
AioF|D6CMG4	Q6A8D7	0.57746	2.54	0.229	
AioF|D6CMG4	Q6ABN1	0.53012	3.63	0.153	
JadR2|Q56153	Q6A5K1	0.66018	4.10	0.180	
JadR2|Q56153	Q6A626	0.58594	4.24	0.118	
JadR2|Q56153	Q6A7V8	0.58814	4.25	0.082	
JadR2|Q56153	Q6A8G1	0.55162	4.94	0.117	
JadR2|Q56153	Q6A8Y0	0.58122	3.97	0.161	
JadR2|Q56153	Q6A9I0	0.54472	4.84	0.124	
JadR2|Q56153	Q6AA25	0.6145	4.06	0.163	
JadR2|Q56153	Q6AAD4	0.77683	3.16	0.149	
JadR2|Q56153	Q6ABN5	0.74543	3.02	0.135	
MabTetR|A0A418LCT2	Q6ABN5	0.68877	3.85	0.107	
CzrA|O85142	Q6A5K5	0.64622	2.00	0.188	
CzrA|O85142	Q6A5P2	0.57012	3.38	0.115	
CzrA|O85142	Q6A7H0	0.59495	1.84	0.229	
CzrA|O85142	Q6A8D7	0.80945	1.73	0.250	
CzrA|O85142	Q6ABN1	0.53813	2.97	0.143	
MarR|P27245	Q6A5K5	0.80955	2.11	0.213	
MarR|P27245	Q6A5K8	0.65932	3.13	0.229	
MarR|P27245	Q6A795	0.80303	2.34	0.190	
MarR|P27245	Q6A9D3	0.70751	2.97	0.192	
MarR|P27245	Q6AA82	0.81518	1.88	0.194	
MarR|P27245	Q6AAD5	0.7881	2.72	0.255	
MarR|P27245	Q6AAR7	0.5066	4.01	0.130	
NodD1|P03031	Q6A6A6	0.79418	3.25	0.151	
GalS|P25748	Q6A5C9	0.7237	2.11	0.238	
GalS|P25748	Q6A5G1	0.80918	2.91	0.272	
GalS|P25748	Q6A5R6	0.84778	2.30	0.303	
GalS|P25748	Q6A645	0.80507	3.04	0.226	
GalS|P25748	Q6A7G6	0.74473	3.34	0.224	
GalS|P25748	Q6A7R0	0.82577	2.93	0.218	
GalS|P25748	Q6AA58	0.84002	2.52	0.308	
GalS|P25748	Q6AAK2	0.77629	3.48	0.222	
GalS|P25748	Q6ABK7	0.86986	2.30	0.320	
GalS|P25748	Q6ABQ1	0.86877	2.20	0.302	
NagC|P0AF20	Q6AAR7	0.64244	4.00	0.203	
NagC|P0AF20	Q6ABP0	0.84929	2.91	0.207	
NimR|P45277	Q6A8T4	0.5452	2.88	0.236	
BldR|Q97YG9	Q6A5K5	0.77448	2.55	0.243	
BldR|Q97YG9	Q6A5K8	0.71554	3.13	0.207	
BldR|Q97YG9	Q6A795	0.76793	2.77	0.245	
BldR|Q97YG9	Q6A9D3	0.70567	3.07	0.153	
BldR|Q97YG9	Q6AA82	0.67561	3.17	0.159	
BldR|Q97YG9	Q6AAD5	0.76191	2.82	0.241	
BldR|Q97YG9	Q6AAH9	0.54699	3.70	0.118	
AlkX|G3EIL4	Q6A5K1	0.62259	3.94	0.155	
AlkX|G3EIL4	Q6A626	0.58906	3.81	0.169	
AlkX|G3EIL4	Q6A7V8	0.60565	3.95	0.129	
AlkX|G3EIL4	Q6A8G1	0.66284	3.65	0.121	
AlkX|G3EIL4	Q6A8J3	0.57067	4.59	0.114	
AlkX|G3EIL4	Q6A8Y0	0.54312	4.33	0.155	
AlkX|G3EIL4	Q6A9I0	0.57983	4.29	0.073	
AlkX|G3EIL4	Q6AA25	0.54536	4.59	0.153	
AlkX|G3EIL4	Q6AAD4	0.56127	4.64	0.075	
AlkX|G3EIL4	Q6ABN5	0.57275	4.44	0.107	
TamR|Q9K3T1	Q6A5K5	0.78362	1.88	0.233	
TamR|Q9K3T1	Q6A5K8	0.6804	2.66	0.169	
TamR|Q9K3T1	Q6A795	0.7437	2.11	0.261	
TamR|Q9K3T1	Q6A9D3	0.71486	2.22	0.182	
TamR|Q9K3T1	Q6AA82	0.65048	2.85	0.222	
TamR|Q9K3T1	Q6AAD5	0.93032	1.52	0.567	
CtrA|P0CAW8	Q6A5Z4	0.50914	1.95	0.306	
CtrA|P0CAW8	Q6A828	0.50317	2.32	0.323	
CtrA|P0CAW8	Q6AAV2	0.52771	2.26	0.383	
CtrA|P0CAW8	Q6ABI8	0.54412	4.62	0.205	
CbnR|Q9WXC7	Q6A6A6	0.58414	3.39	0.152	
YrkP|P54443	Q6A5Z4	0.71596	3.78	0.312	
YrkP|P54443	Q6A828	0.76098	3.30	0.354	
YrkP|P54443	Q6AAV2	0.50516	1.93	0.419	
YrkP|P54443	Q6ABI8	0.56054	3.38	0.353	
SigD|P10726	Q6A8Y2	0.50471	4.75	0.197	
SigD|P10726	Q6A8Y3	0.50263	5.39	0.206	
RdhR|A0A1I9GEQ7	Q6A5K5	0.74892	2.38	0.181	
PltR|B3G2A3	Q6A6A6	0.53277	3.81	0.133	
DevR|P9WMF9	Q6A671	0.65126	3.13	0.326	
DevR|P9WMF9	Q6A966	0.67107	2.67	0.281	
DevR|P9WMF9	Q6A987	0.63047	2.70	0.281	
DevR|P9WMF9	Q6AAP9	0.63026	1.23	0.325	
DevR|P9WMF9	Q6AB19	0.6219	2.99	0.317	
DevR|P9WMF9	Q6ABR9	0.64622	2.42	0.317	
AvaR1|Q82H41	Q6ABN5	0.67221	2.80	0.177	
GcvA|P0A9F6	Q6A6A6	0.53568	5.84	0.102	
ZitR|A2RNS2	Q6A5K5	0.63566	3.81	0.122	
ZitR|A2RNS2	Q6A5K8	0.58635	3.61	0.147	
ZitR|A2RNS2	Q6A795	0.60887	3.60	0.151	
ZitR|A2RNS2	Q6A9D3	0.61536	3.86	0.143	
ZitR|A2RNS2	Q6AA82	0.58118	3.50	0.205	
ZitR|A2RNS2	Q6AAD5	0.67609	3.67	0.119	
ZitR|A2RNS2	Q6AAR7	0.50412	3.82	0.144	
ZitR|A2RNS2	Q6ABP0	0.5077	3.16	0.133	
DNR|G3XCW6	Q6AB82	0.5151	3.51	0.182	
CitT|O34534	Q6AB19	0.50818	2.73	0.176	
SorC|P37078	Q6A5F1	0.73593	2.64	0.188	
LmCsoR|Q8Y646	Q6A5L7	0.82548	0.85	0.440	
OccR|P0A4T4	Q6A6A6	0.75792	3.70	0.189	
PmeR|Q87X86	Q6A5K1	0.59043	4.45	0.150	
PmeR|Q87X86	Q6A626	0.57084	4.24	0.116	
PmeR|Q87X86	Q6A7V8	0.56397	4.25	0.141	
PmeR|Q87X86	Q6A8G1	0.58744	4.15	0.181	
PmeR|Q87X86	Q6A8J3	0.56605	4.81	0.147	
PmeR|Q87X86	Q6A8Y0	0.56387	4.41	0.130	
PmeR|Q87X86	Q6A9I0	0.57709	4.43	0.176	
PmeR|Q87X86	Q6AA25	0.60198	3.90	0.114	
PmeR|Q87X86	Q6AAD4	0.65299	3.48	0.176	
PmeR|Q87X86	Q6ABN5	0.67435	3.44	0.145	
Cmr|P9WMH5	Q6AB82	0.6801	3.07	0.205	
GamR|O31459	Q6A9Y4	0.65095	2.30	0.262	
GamR|O31459	Q6AAK9	0.64512	1.85	0.209	
IpsA|Q8NMF0	Q6A5C9	0.6632	2.64	0.186	
IpsA|Q8NMF0	Q6A5G1	0.76762	3.31	0.188	
IpsA|Q8NMF0	Q6A5R6	0.78806	2.85	0.224	
IpsA|Q8NMF0	Q6A645	0.74745	3.42	0.236	
IpsA|Q8NMF0	Q6A7G6	0.67549	3.78	0.167	
IpsA|Q8NMF0	Q6A7R0	0.79508	2.82	0.208	
IpsA|Q8NMF0	Q6AA58	0.79138	2.77	0.219	
IpsA|Q8NMF0	Q6AAK2	0.72774	3.64	0.215	
IpsA|Q8NMF0	Q6ABK7	0.79015	2.87	0.206	
IpsA|Q8NMF0	Q6ABQ1	0.81108	2.76	0.196	
MsAldR|A0QVQ9	Q6A5I2	0.84127	2.03	0.174	
MsAldR|A0QVQ9	Q6A8E6	0.84092	1.83	0.234	
PmrA|Q8Z1P4	Q6A5Z4	0.53062	1.88	0.419	
PmrA|Q8Z1P4	Q6A657	0.525	2.56	0.344	
PmrA|Q8Z1P4	Q6A828	0.52527	2.33	0.357	
PmrA|Q8Z1P4	Q6AAV2	0.54017	1.65	0.283	
PmrA|Q8Z1P4	Q6ABI8	0.55222	4.64	0.179	
KaeR|Q03P25	Q6A6A6	0.59727	2.88	0.166	
SrnR|Q8L1Y3	Q6A5K5	0.63184	2.02	0.174	
SrnR|Q8L1Y3	Q6A5P2	0.60421	2.54	0.192	
SrnR|Q8L1Y3	Q6A7H0	0.59946	1.99	0.292	
SrnR|Q8L1Y3	Q6A8D7	0.76679	2.62	0.212	
SrnR|Q8L1Y3	Q6ABN1	0.59551	3.09	0.189	
FnrL|P51007	Q6AB82	0.81986	2.34	0.195	
GylR|A0R727	Q6A5P2	0.60442	2.62	0.220	
GylR|A0R727	Q6A7Z8	0.58776	2.56	0.317	
CosR|Q0PBF4	Q6A5Z4	0.51718	2.21	0.266	
CosR|Q0PBF4	Q6A828	0.51353	1.70	0.308	
CosR|Q0PBF4	Q6AAV2	0.52729	1.48	0.279	
CosR|Q0PBF4	Q6ABI8	0.58287	3.29	0.226	
ScbR2|Q93S03	Q6A5K1	0.57411	4.40	0.142	
ScbR2|Q93S03	Q6A626	0.52481	4.00	0.108	
ScbR2|Q93S03	Q6A7V8	0.52487	4.43	0.099	
ScbR2|Q93S03	Q6A8Y0	0.51927	4.10	0.111	
ScbR2|Q93S03	Q6AA25	0.56296	4.19	0.143	
ScbR2|Q93S03	Q6AAD4	0.68799	3.32	0.143	
ScbR2|Q93S03	Q6ABN5	0.66236	3.23	0.145	
McbR|H7C662	Q6A5K1	0.65759	3.87	0.113	
McbR|H7C662	Q6A626	0.61794	3.39	0.119	
McbR|H7C662	Q6A7V8	0.5881	3.58	0.089	
McbR|H7C662	Q6A8G1	0.65159	4.11	0.138	
McbR|H7C662	Q6A8J3	0.56144	5.17	0.178	
McbR|H7C662	Q6A8Y0	0.61073	3.51	0.171	
McbR|H7C662	Q6A9I0	0.53599	4.69	0.109	
McbR|H7C662	Q6AA25	0.65034	3.54	0.199	
McbR|H7C662	Q6AAD4	0.66321	3.74	0.132	
McbR|H7C662	Q6ABN5	0.68031	3.42	0.137	
LeuO|P10151	Q6A6A6	0.68632	3.97	0.145	
RutR|P0ACU2	Q6A5K1	0.60976	4.29	0.125	
RutR|P0ACU2	Q6A626	0.5999	3.92	0.127	
RutR|P0ACU2	Q6A7V8	0.59286	4.37	0.124	
RutR|P0ACU2	Q6A8G1	0.56412	4.38	0.140	
RutR|P0ACU2	Q6A8J3	0.54222	4.71	0.153	
RutR|P0ACU2	Q6A8Y0	0.52906	4.56	0.139	
RutR|P0ACU2	Q6A9I0	0.55737	4.52	0.102	
RutR|P0ACU2	Q6AA25	0.59942	3.87	0.142	
RutR|P0ACU2	Q6AAD4	0.67679	3.41	0.188	
RutR|P0ACU2	Q6ABN5	0.69857	3.35	0.167	
TM0439|Q9WYS0	Q6A6A1	0.54976	2.91	0.176	
TM0439|Q9WYS0	Q6A9R9	0.5937	4.66	0.127	
TM0439|Q9WYS0	Q6A9S0	0.67361	4.10	0.103	
TM0439|Q9WYS0	Q6ABE4	0.5539	3.67	0.151	
ClgR|Q8NP59	Q6A5Q1	0.75047	1.84	0.253	
ClgR|Q8NP59	Q6A7B8	0.60648	2.52	0.271	
ClgR|Q8NP59	Q6A8E0	0.68175	1.89	0.227	
ClgR|Q8NP59	Q6A905	0.84572	1.15	0.463	
ClgR|Q8NP59	Q6ABC9	0.68147	1.88	0.235	
CcmR_NdhR_RbcR|P73862	Q6A6A6	0.76811	3.24	0.193	
EnuR|Q5LUA6	Q6A949	0.71979	2.92	0.190	
EnuR|Q5LUA6	Q6A9D6	0.76532	3.33	0.166	
LacI|P03023	Q6A5C9	0.6821	2.42	0.216	
LacI|P03023	Q6A5G1	0.7932	2.80	0.256	
LacI|P03023	Q6A5R6	0.8604	1.70	0.328	
LacI|P03023	Q6A645	0.771	3.13	0.218	
LacI|P03023	Q6A7G6	0.74281	3.73	0.223	
LacI|P03023	Q6A7R0	0.81511	2.70	0.252	
LacI|P03023	Q6AA58	0.86654	1.75	0.264	
LacI|P03023	Q6AAK2	0.76784	3.11	0.229	
LacI|P03023	Q6ABK7	0.86571	1.83	0.323	
LacI|P03023	Q6ABQ1	0.81555	2.53	0.269	
VC_1968|Q9KQN0	Q6A5Q1	0.51611	2.84	0.231	
KmtR|O53838	Q6A5K5	0.61954	2.38	0.226	
KmtR|O53838	Q6A5P2	0.54626	3.11	0.179	
KmtR|O53838	Q6A7H0	0.54566	2.07	0.286	
KmtR|O53838	Q6A8D7	0.7384	2.23	0.245	
KmtR|O53838	Q6ABN1	0.50401	2.71	0.176	
IlvY|P05827	Q6A6A6	0.66629	4.72	0.221	
CbaR|Q9FCY4	Q6A5K5	0.68004	2.87	0.136	
SmeT|Q8KLP4	Q6A5K1	0.59921	4.42	0.123	
SmeT|Q8KLP4	Q6A626	0.58311	3.71	0.145	
SmeT|Q8KLP4	Q6A7V8	0.56339	4.07	0.173	
SmeT|Q8KLP4	Q6A8G1	0.60677	4.16	0.155	
SmeT|Q8KLP4	Q6A8J3	0.56181	4.40	0.151	
SmeT|Q8KLP4	Q6A8Y0	0.56314	4.07	0.153	
SmeT|Q8KLP4	Q6A9I0	0.56322	4.27	0.119	
SmeT|Q8KLP4	Q6AA25	0.61867	3.57	0.156	
SmeT|Q8KLP4	Q6AAD4	0.65465	3.65	0.182	
SmeT|Q8KLP4	Q6ABN5	0.68798	3.47	0.174	
CrtR|Q8NSP1	Q6A5K5	0.57393	4.21	0.136	
CrtR|Q8NSP1	Q6A5K8	0.59833	3.94	0.170	
CrtR|Q8NSP1	Q6A795	0.55187	3.94	0.152	
CrtR|Q8NSP1	Q6A9D3	0.56753	3.74	0.178	
CrtR|Q8NSP1	Q6AA82	0.52022	3.50	0.241	
CrtR|Q8NSP1	Q6AAD5	0.60617	3.82	0.166	
YedW|P76340	Q6A5Z4	0.84827	2.49	0.367	
YedW|P76340	Q6A828	0.89989	2.30	0.345	
YedW|P76340	Q6AAV2	0.51599	2.34	0.368	
YedW|P76340	Q6ABI8	0.5607	2.29	0.281	
FosR|Q5I3L6	Q6A5C9	0.70893	3.22	0.217	
FosR|Q5I3L6	Q6A5G1	0.79138	3.27	0.202	
FosR|Q5I3L6	Q6A5R6	0.81868	2.76	0.212	
FosR|Q5I3L6	Q6A645	0.78884	3.30	0.180	
FosR|Q5I3L6	Q6A7G6	0.77345	3.60	0.191	
FosR|Q5I3L6	Q6A7R0	0.76941	3.62	0.142	
FosR|Q5I3L6	Q6AA58	0.84141	2.72	0.211	
FosR|Q5I3L6	Q6AAK2	0.78444	3.46	0.193	
FosR|Q5I3L6	Q6ABK7	0.82882	2.95	0.164	
FosR|Q5I3L6	Q6ABQ1	0.78702	3.20	0.196	
ArgR_AhrC|Q9K973	Q6A7V9	0.5781	4.26	0.250	
ArgR_AhrC|Q9K973	Q6AA75	0.53219	2.51	0.293	
LutR|A0A8B4BY35	Q6A6A1	0.68499	3.78	0.198	
LutR|A0A8B4BY35	Q6A9R9	0.56841	3.03	0.219	
LutR|A0A8B4BY35	Q6A9S0	0.5826	2.73	0.178	
LutR|A0A8B4BY35	Q6ABE4	0.66552	3.88	0.236	
HpoR|A0R4J9	Q6A5K1	0.65086	3.57	0.172	
HpoR|A0R4J9	Q6A626	0.62061	3.34	0.100	
HpoR|A0R4J9	Q6A7V8	0.65893	3.43	0.143	
HpoR|A0R4J9	Q6A8G1	0.65647	3.46	0.145	
HpoR|A0R4J9	Q6A8J3	0.51528	4.96	0.093	
HpoR|A0R4J9	Q6A8Y0	0.64403	3.20	0.139	
HpoR|A0R4J9	Q6A9I0	0.57434	4.24	0.115	
HpoR|A0R4J9	Q6AA25	0.62714	3.78	0.105	
HpoR|A0R4J9	Q6AAD4	0.56388	4.45	0.104	
HpoR|A0R4J9	Q6ABN5	0.66384	3.63	0.107	
MmfR|Q9JN89	Q6A5K1	0.64398	3.50	0.140	
MmfR|Q9JN89	Q6A626	0.6067	3.66	0.160	
MmfR|Q9JN89	Q6A7V8	0.57248	4.02	0.194	
MmfR|Q9JN89	Q6A8G1	0.59202	4.06	0.144	
MmfR|Q9JN89	Q6A8J3	0.52007	4.91	0.149	
MmfR|Q9JN89	Q6A8Y0	0.58358	4.27	0.173	
MmfR|Q9JN89	Q6A9I0	0.55038	4.31	0.066	
MmfR|Q9JN89	Q6AA25	0.62505	3.55	0.119	
MmfR|Q9JN89	Q6AAD4	0.63802	3.60	0.187	
MmfR|Q9JN89	Q6ABN5	0.7339	2.84	0.180	
TrpI|P11720	Q6A6A6	0.68453	4.60	0.137	
ResD|P35163	Q6A5Z4	0.65354	4.25	0.293	
ResD|P35163	Q6A828	0.7148	3.67	0.313	
ResD|P35163	Q6ABI8	0.54463	3.09	0.296	
RpoE|Q9KPA6	Q6A8A1	0.75123	2.73	0.333	
RpoE|Q9KPA6	Q6AAS2	0.82987	2.27	0.255	
TphR|Q5D0X8	Q6A5P2	0.83528	2.71	0.249	
TphR|Q5D0X8	Q6A7Z8	0.71156	3.71	0.238	
MTH313|O26413	Q6A5K5	0.75755	2.86	0.141	
MTH313|O26413	Q6A5K8	0.67882	3.20	0.252	
MTH313|O26413	Q6A795	0.75735	2.65	0.156	
MTH313|O26413	Q6A9D3	0.71721	3.11	0.163	
MTH313|O26413	Q6AA82	0.75932	2.44	0.237	
MTH313|O26413	Q6AAD5	0.71115	3.28	0.162	
DecR|P0ACJ5	Q6A5I2	0.84317	2.05	0.163	
DecR|P0ACJ5	Q6A8E6	0.85247	1.69	0.292	
CopG|P13920	Q6A822	0.68246	1.70	0.225	
CopG|P13920	Q6A861	0.70031	1.55	0.167	
BifR|Q2T150	Q6A5K5	0.82524	2.21	0.203	
BifR|Q2T150	Q6A5K8	0.56334	4.01	0.138	
BifR|Q2T150	Q6A795	0.79274	2.47	0.173	
BifR|Q2T150	Q6A9D3	0.599	3.86	0.123	
BifR|Q2T150	Q6AA82	0.78233	2.41	0.215	
BifR|Q2T150	Q6AAD5	0.76435	2.72	0.190	
BifR|Q2T150	Q6AAR7	0.50764	3.10	0.191	
BxmR|Q76L30	Q6A5K5	0.58006	2.16	0.185	
BxmR|Q76L30	Q6A5P2	0.5027	3.26	0.176	
BxmR|Q76L30	Q6A7H0	0.53176	2.10	0.254	
BxmR|Q76L30	Q6A8D7	0.69901	2.42	0.277	
QacR|P0A0N4	Q6A5K1	0.71892	3.49	0.117	
QacR|P0A0N4	Q6A626	0.67671	3.18	0.092	
QacR|P0A0N4	Q6A7V8	0.67435	3.65	0.110	
QacR|P0A0N4	Q6A8G1	0.72054	3.35	0.146	
QacR|P0A0N4	Q6A8J3	0.56216	4.42	0.058	
QacR|P0A0N4	Q6A8Y0	0.65237	3.56	0.128	
QacR|P0A0N4	Q6A9I0	0.584	4.62	0.087	
QacR|P0A0N4	Q6AA25	0.70012	3.33	0.121	
QacR|P0A0N4	Q6AAD4	0.72068	3.18	0.135	
QacR|P0A0N4	Q6ABN5	0.79177	2.87	0.134	
CmpR|Q9F1R2	Q6A6A6	0.73423	3.74	0.189	
LysM|Q980W9	Q6A5I2	0.81561	2.47	0.143	
LysM|Q980W9	Q6A8E6	0.88303	1.67	0.221	
AccR|P32104	Q6A5D3	0.70619	2.22	0.242	
AccR|P32104	Q6A904	0.70085	2.10	0.245	
AccR|P32104	Q6AB10	0.69486	2.60	0.186	
AccR|P32104	Q6ABG4	0.75049	2.84	0.218	
AccR|P32104	Q6ABK0	0.67398	2.50	0.208	
AccR|P32104	Q6ABT6	0.70114	2.37	0.216	
RolR|Q8NR95	Q6A5K1	0.6389	3.30	0.123	
RolR|Q8NR95	Q6A626	0.5944	3.25	0.094	
RolR|Q8NR95	Q6A7V8	0.61971	3.59	0.116	
RolR|Q8NR95	Q6A8G1	0.63714	3.00	0.119	
RolR|Q8NR95	Q6A8Y0	0.59471	3.61	0.120	
RolR|Q8NR95	Q6AA25	0.56038	3.83	0.116	
RolR|Q8NR95	Q6AAD4	0.52355	4.31	0.110	
RolR|Q8NR95	Q6ABN5	0.5811	3.70	0.106	
VanR(Atu1419)|A9CJ36	Q6A6A1	0.50659	3.66	0.149	
VanR(Atu1419)|A9CJ36	Q6A9R9	0.59429	4.18	0.188	
VanR(Atu1419)|A9CJ36	Q6A9S0	0.65726	3.82	0.150	
VanR(Atu1419)|A9CJ36	Q6ABE4	0.54701	3.43	0.190	
NMB0573|Q9K0L9	Q6A5I2	0.79529	2.26	0.204	
NMB0573|Q9K0L9	Q6A8E6	0.82506	1.79	0.264	
FerC|G2IJ09	Q6A5K5	0.80448	2.26	0.176	
FerC|G2IJ09	Q6A5K8	0.70179	2.75	0.246	
FerC|G2IJ09	Q6A795	0.83754	2.14	0.205	
FerC|G2IJ09	Q6A9D3	0.73792	2.55	0.181	
FerC|G2IJ09	Q6AA82	0.82814	2.12	0.212	
FerC|G2IJ09	Q6AAD5	0.81459	2.60	0.235	
FerC|G2IJ09	Q6AAH9	0.55176	3.46	0.149	
FerC|G2IJ09	Q6AAR7	0.50657	3.80	0.087	
MexR|P52003	Q6A5K5	0.82651	2.21	0.189	
MexR|P52003	Q6A5K8	0.7392	3.02	0.232	
MexR|P52003	Q6A795	0.77044	2.50	0.180	
MexR|P52003	Q6A9D3	0.76959	2.72	0.168	
MexR|P52003	Q6AA82	0.69349	3.06	0.179	
MexR|P52003	Q6AAD5	0.85265	2.16	0.225	
RovA|P69988	Q6A5K5	0.82306	2.26	0.182	
RovA|P69988	Q6A5K8	0.68722	2.98	0.164	
RovA|P69988	Q6A795	0.81313	2.11	0.145	
RovA|P69988	Q6A9D3	0.70382	3.16	0.215	
RovA|P69988	Q6AA82	0.77167	2.46	0.191	
RovA|P69988	Q6AAD5	0.79353	2.32	0.142	
RovA|P69988	Q6AAR7	0.50061	3.78	0.160	
SmtB|P30340	Q6A5K5	0.61511	2.70	0.253	
SmtB|P30340	Q6A5P2	0.53681	2.94	0.151	
SmtB|P30340	Q6A7H0	0.5648	2.12	0.296	
SmtB|P30340	Q6A8D7	0.71313	2.70	0.277	
SmtB|P30340	Q6ABN1	0.51477	2.99	0.145	
DgoR|P31460	Q6A6A1	0.55823	3.52	0.162	
DgoR|P31460	Q6A9R9	0.81783	2.70	0.280	
DgoR|P31460	Q6A9S0	0.87926	2.24	0.258	
DgoR|P31460	Q6ABE4	0.57776	3.33	0.172	
LmrA|O34619	Q6A5K1	0.70532	3.49	0.141	
LmrA|O34619	Q6A626	0.68218	3.01	0.116	
LmrA|O34619	Q6A7V8	0.66781	3.64	0.082	
LmrA|O34619	Q6A8G1	0.69889	3.57	0.165	
LmrA|O34619	Q6A8J3	0.58532	4.90	0.170	
LmrA|O34619	Q6A8Y0	0.63805	3.48	0.136	
LmrA|O34619	Q6A9I0	0.5883	4.40	0.110	
LmrA|O34619	Q6AA25	0.72836	3.14	0.160	
LmrA|O34619	Q6AAD4	0.6792	3.58	0.182	
LmrA|O34619	Q6ABN5	0.77422	2.97	0.133	
BreR|Q9KR96	Q6A5K1	0.6864	3.56	0.162	
BreR|Q9KR96	Q6A626	0.61092	3.84	0.167	
BreR|Q9KR96	Q6A7V8	0.61923	3.77	0.138	
BreR|Q9KR96	Q6A8G1	0.66362	3.55	0.148	
BreR|Q9KR96	Q6A8J3	0.61354	4.53	0.131	
BreR|Q9KR96	Q6A8Y0	0.60595	4.07	0.113	
BreR|Q9KR96	Q6A9I0	0.63102	4.10	0.103	
BreR|Q9KR96	Q6AA25	0.64429	3.78	0.120	
BreR|Q9KR96	Q6AAD4	0.629	3.96	0.183	
BreR|Q9KR96	Q6ABN5	0.70341	3.39	0.178	
CpxR|P0AE88	Q6A5Z4	0.84144	2.83	0.364	
CpxR|P0AE88	Q6A828	0.88514	2.12	0.353	
CpxR|P0AE88	Q6AAV2	0.5074	1.84	0.432	
CpxR|P0AE88	Q6ABI8	0.53925	3.01	0.315	
GabR|P94426	Q6A949	0.86003	2.86	0.228	
GabR|P94426	Q6A9D6	0.66526	3.00	0.180	
Bcam1349|B4EIC5	Q6AB82	0.75296	2.98	0.164	
PcaQ|Q92TL9	Q6A6A6	0.70072	4.13	0.177	
JadR|Q939Q2	Q6A5K1	0.63841	3.98	0.180	
JadR|Q939Q2	Q6A626	0.62034	3.54	0.152	
JadR|Q939Q2	Q6A7V8	0.61469	3.96	0.144	
JadR|Q939Q2	Q6A8G1	0.62033	4.24	0.201	
JadR|Q939Q2	Q6A8J3	0.56727	4.68	0.122	
JadR|Q939Q2	Q6A8Y0	0.61002	4.03	0.149	
JadR|Q939Q2	Q6A9I0	0.57376	4.23	0.139	
JadR|Q939Q2	Q6AA25	0.63119	3.74	0.107	
JadR|Q939Q2	Q6AAD4	0.69224	3.50	0.158	
JadR|Q939Q2	Q6ABN5	0.71091	3.25	0.128	
MerR|Q799U3	Q6A663	0.56702	1.93	0.297	
MerR|Q799U3	Q6A8T2	0.58709	2.80	0.207	
MerR|Q799U3	Q6A8T4	0.61182	3.05	0.299	
CynR|P27111	Q6A6A6	0.77921	3.74	0.238	
ArcR|Q2FUY1	Q6AB82	0.80789	2.71	0.144	
ExuR|P0ACL2	Q6A6A1	0.53345	3.26	0.190	
ExuR|P0ACL2	Q6A9S0	0.54272	3.34	0.161	
ExuR|P0ACL2	Q6ABE4	0.54207	3.02	0.153	
soNrtR|Q8EFJ3	Q6A5Z1	0.50038	3.07	0.135	
soNrtR|Q8EFJ3	Q6A8Q8	0.53002	2.61	0.124	
soNrtR|Q8EFJ3	Q6AAB3	0.51561	2.60	0.175	
soNrtR|Q8EFJ3	Q6AAW9	0.56101	3.11	0.176	
soNrtR|Q8EFJ3	Q6ABF5	0.51059	3.08	0.119	
AcnR|Q8NQ97	Q6A8G1	0.71558	3.51	0.156	
AcnR|Q8NQ97	Q6ABN5	0.74859	3.03	0.150	
ActII_ActR|A0A7K2UKB8	Q6A7V8	0.65697	2.46	0.293	
TylP|Q9XCC7	Q6ABN5	0.67734	2.94	0.199	
BarA|Q60011	Q6A5K1	0.5907	3.77	0.145	
BarA|Q60011	Q6A626	0.59531	3.43	0.121	
BarA|Q60011	Q6A7V8	0.55312	3.74	0.137	
BarA|Q60011	Q6A8G1	0.56557	3.95	0.157	
BarA|Q60011	Q6A8Y0	0.53522	4.30	0.120	
BarA|Q60011	Q6A9I0	0.50772	4.49	0.071	
BarA|Q60011	Q6AA25	0.57563	3.45	0.158	
BarA|Q60011	Q6AAD4	0.58633	3.76	0.139	
BarA|Q60011	Q6ABN5	0.68418	2.56	0.168	
PA3341|Q9HYQ4	Q6A5K5	0.77933	2.66	0.252	
PA3341|Q9HYQ4	Q6A5K8	0.68286	3.06	0.161	
PA3341|Q9HYQ4	Q6A795	0.8053	2.32	0.184	
PA3341|Q9HYQ4	Q6A9D3	0.6772	3.25	0.203	
PA3341|Q9HYQ4	Q6AA82	0.73329	2.97	0.225	
PA3341|Q9HYQ4	Q6AAD5	0.76493	2.79	0.196	
PA3341|Q9HYQ4	Q6AAH9	0.56832	3.59	0.132	
TTHA1437|Q5SID7	Q6AB82	0.63306	4.16	0.261	
Rem|F7X8H2	Q6A657	0.50076	4.13	0.228	
Rem|F7X8H2	Q6AAV2	0.53676	4.63	0.184	
PdxR|Q8Y5G3	Q6A949	0.69644	3.27	0.203	
PdxR|Q8Y5G3	Q6A9D6	0.71642	3.05	0.223	
LftR|Q8Y923	Q6A793	0.90957	1.39	0.336	
LftR|Q8Y923	Q6AA82	0.67072	2.75	0.137	
LftR|Q8Y923	Q6AB98	0.68974	2.27	0.291	
ssNrtR|A0A2K1SXJ8	Q6A8Q8	0.52205	3.17	0.100	
btAraR|Q8AAV8	Q6A6V3	0.50934	2.67	0.150	
btAraR|Q8AAV8	Q6A8Q8	0.52384	2.61	0.146	
btAraR|Q8AAV8	Q6AAW9	0.5339	3.49	0.122	
btAraR|Q8AAV8	Q6ABF5	0.51281	3.01	0.131	
LdtR|C6XHT1	Q6A5K5	0.71717	3.00	0.146	
LdtR|C6XHT1	Q6A5K8	0.66009	3.17	0.169	
LdtR|C6XHT1	Q6A795	0.70054	2.88	0.129	
LdtR|C6XHT1	Q6A9D3	0.6611	3.33	0.200	
LdtR|C6XHT1	Q6AA82	0.68548	3.13	0.191	
LdtR|C6XHT1	Q6AAD5	0.70849	2.96	0.171	
LdtR|C6XHT1	Q6AAH9	0.52744	2.89	0.194	
MalR|B2IN29	Q6A5C9	0.72547	2.43	0.153	
MalR|B2IN29	Q6A5G1	0.89489	2.15	0.235	
MalR|B2IN29	Q6A5R6	0.83868	2.50	0.217	
MalR|B2IN29	Q6A645	0.75776	3.33	0.147	
MalR|B2IN29	Q6A7G6	0.74736	3.66	0.164	
MalR|B2IN29	Q6A7R0	0.84162	2.95	0.225	
MalR|B2IN29	Q6AA58	0.8593	2.26	0.208	
MalR|B2IN29	Q6AAK2	0.80214	3.08	0.194	
MalR|B2IN29	Q6ABK7	0.86248	2.36	0.203	
MalR|B2IN29	Q6ABQ1	0.81455	2.95	0.248	
EvgA|P0ACZ4	Q6A671	0.55424	2.75	0.240	
EvgA|P0ACZ4	Q6A966	0.54901	2.34	0.226	
EvgA|P0ACZ4	Q6A987	0.53349	3.00	0.227	
EvgA|P0ACZ4	Q6AAP9	0.6928	3.65	0.201	
EvgA|P0ACZ4	Q6AB19	0.54868	2.78	0.215	
EvgA|P0ACZ4	Q6ABR9	0.54848	2.94	0.223	
Lsei_2103|Q036L9	Q6A5C9	0.72031	2.58	0.228	
Lsei_2103|Q036L9	Q6A5G1	0.78353	3.68	0.236	
Lsei_2103|Q036L9	Q6A5R6	0.80963	3.08	0.257	
Lsei_2103|Q036L9	Q6A645	0.7821	3.47	0.184	
Lsei_2103|Q036L9	Q6A7G6	0.69953	3.42	0.230	
Lsei_2103|Q036L9	Q6A7R0	0.82317	3.27	0.240	
Lsei_2103|Q036L9	Q6AA58	0.81272	3.28	0.256	
Lsei_2103|Q036L9	Q6AAK2	0.75926	4.06	0.216	
Lsei_2103|Q036L9	Q6ABK7	0.81211	3.08	0.258	
Lsei_2103|Q036L9	Q6ABQ1	0.8517	2.79	0.261	
